auth_capital,city,com_class,com_fullname,com_id,com_intro,com_links,com_location,com_logo,com_name,com_website,com_welfare,day_per_week,detailed_intro,est_date,industry,job_academic,job_deadline,job_detail,job_links,job_title,num_employee,released_time,tag,time_span,update_time,wage
注册资本：400万人民币,上海,公司类型：有限责任公司,上海聚虹光电科技有限公司,注册号：310110000546749,专注于将虹膜识别技术普及到每一个家庭和每一家公司,https://www.shixiseng.com/com/com_59ygd81y0ivf,浦东新区环湖西二路800号张江创业工坊/蔡伦路1690号2号楼（两个地址可以选择）,https://sxsimg.xiaoyuanzhao.com/B2/38/B21A1FF7F698ED7FCB1ABDBD5FC76038.png,上海聚虹,http://www.irisian.com,"['实习机会好', '有创意有乐趣', '技能培训', '行业大牛', '弹性工作', '实习待遇高', '时薪丰厚', '成长机会多', '发展速度快', '创造']",3天/周,2011 GB/T-20979 “采用多光谱技术解决东方人黑色虹膜的识别难题”为核心竞争力，聚虹光电科技发展出核心算法、硬件设备和云服务三条产品线。成熟产品包括面向金融自助设备、手机平板、安防门禁设备、虚拟现实设备、自动驾驶汽车等领域的多种智能识别终端，并且在远距离、戴眼镜、强光照等复杂条件下的识别性能全面超越传统识别算法，解决了困扰全球虹膜识别领域多年的三大技术难题，其虹膜识别核心算法于国内首家通过公安部算法精度检测。POC ,成立日期：2011-01-24,"计算机/互联网,电子",本科,2018-03-27,"['福利待遇：', '“五险一金”、带薪年假、节日福利、公费团队活动、购书补贴、加班餐报销等福利，公司内部活动丰富多样，每年有不定期的团队聚餐、聚会。', '一、人才政策：', '1、人才引进可申办上海市户口，工作和居住在临港的员工可享受居住证专项加分，最高分值20分；', '2、高层次人才给予最高50万的奖励；', '3、特定岗位取得国家职业资格人才可享受职业技能补贴；', '4、领军型人才可享受个税100%返还的奖励；', '5、公司建成临港地区大学生实习基地，对符合条件的大学生给予每人每月2000元的实习补贴。', '二、人才住房保障', '1、临港地区可以购买双定双限房，价格均在市场价50%以下；', '2、产业区“先租后售”公共租赁房；', '3、员工可申请人才公寓，全套装修，拎包入住并可以同时享受住房补贴；', '4、人才租房补贴，符合条件在临港租房的员工可享受最高1600元/月，最低400元/月的补贴。']",https://www.shixiseng.com/intern/inn_asltclwl7sf2,图像处理算法工程师（机器学习）,50-150人,4分钟前,算法,10个月,2018-03-21 10:39:49,120-170/天
注册资本：27570.9972万人民币,上海,公司类型：股份有限公司(上市),游族网络股份有限公司,注册号：350000400002152,全球领先的互动娱乐供应商,https://www.shixiseng.com/com/com_mbcwebmw75jg,上海市徐汇区宜山路711号游族大厦,https://sxsimg.xiaoyuanzhao.com/BD/6D/BD305709F25F51F798C10D23A996616D.png,游族网络,http://www.yoozoo.com,[],5天/周,游族网络作为A股主板上市公司（SZ.002174）及全球领先的互动娱乐供应商，已经开发了包括《少年三国志》、《女神联盟》、《盗墓笔记》等多款收入过亿游戏。其中，《女神联盟》系列多次被Facebook评为“年度最佳新游戏”和“年度最佳网页游戏”。代理产品《狂暴之翼》在全球115个国家及地区进入畅销榜前10，已成为由中国研发的海外市场收入最高的ARPG游戏。游族网络目前拥有《三体》等知名IP，并于2017年7月拿下全球级重量IP《权力的游戏》，并与华纳兄弟互动娱乐达成战略合作，将联合推出《权力的游戏》手游。全球启航分公司遍布全球4个国家9座城市，全球超过两千名员工，外籍员工比例达到15%。游戏产品发行超过190个国家和地区，并位居20多个国家销量榜榜首。研运一体致力于建立自有的研发及运营体系，建设和完善从研发到发行全方位的人才梯队。开放品类在营及在研项目已经涵盖SLG、MMO、ARPG、RPG、MOBA、FPS、休闲竞技等多种游戏品类。早期责任能力重于资历的人才发展观念。公司目前90后员工过半，平均年龄28岁。 游族的人才观：有爱，敢干，用户思维，牛鼻驱动，简单可依赖，日日新。​,成立日期：1995-09-22,计算机/互联网,硕士,2020-12-31,"['1、分析与挖掘数据的潜在规律和关联，采用机器学习算法进行建模预测，如游戏玩家的付费潜力、兴趣爱好等；', '2、使用机器学习算法建模，和游戏运营合作推动模型落地，并解决实际运行中出现的问题；', '3、根据业务需要对其他问题进行建模和算法设计。', '1、机器学习/模式识别等相关专业硕士及以上学历，计算机、数学、统计学等专业优先；\xa0', '2、在深度学习领域有较深的理论研究和实践经验的优先；\xa0', '3、需要具备以下领域之一的背景：机器学习/数据挖掘/信息检索/自然语言处理/统计分析/图像处理，OCR/语音识别/Hadoop/Spark，有深度学习和神经网络模型经验者优先；\xa0', '4、熟悉linux，java和C/C++开发；并熟练使用以下脚本语言：python/shell/scala；\xa0', '5、良好的主动性，逻辑思维能力和沟通能力；\xa0', '6、热爱游戏行业，有游戏行业实习经历的优先；\xa0']",https://www.shixiseng.com/intern/inn_aybjjw88fugn,机器学习工程师 （2018校园）,500-2000人,5分钟前,软件,4个月,2018-03-21 10:38:00,160-280/天
注册资本：1000 万元 美元,北京,公司类型：有限责任公司(台港澳法人独资),北京畅游天下网络技术有限公司,注册号：110000450025901,中国领先的新媒体、通信及移动增值服务公司，是中文世界强劲的互联网品牌,https://www.shixiseng.com/com/com_dyk1atxpb8hh,北京海淀区科学院南路2号院3号楼  搜狐媒体大厦,https://sxsimg.xiaoyuanzhao.com/94/93/94BC427ED7872FD502E14342F2BA0A93.jpg,搜狐,http://www.sohu.com,"['收获颇丰', '优秀留用', '巨大发展潜力', '快速成长', '氛围好', '优越办公环境', '位置绝佳', '提供转正机会', '员工食堂']",4天/周,搜狐——中国最大的门户网站 美国纳斯达克上市公司（NASDAQ:SOHU） 北京2008年奥运会互联网内容服务赞助商 中国互联网第一品牌 中国互联网主流人群获取资讯和交流最大网络平台 中国搜索引擎的鼻祖 中国互联网文化运动的先驱、中国综合门户网站的创始者 搜狐门户矩阵：中文世界最大的网络资产 超过4亿的注册用户 拥有最先进技术的搜索引擎-搜狗 第一家拥有两个美国上市公司（NASDAQ:SOHU、NASDAQ：CYOU）的中国互联网企业。,成立日期：2007-09-26,计算机/互联网,本科,2019-12-06,,https://www.shixiseng.com/intern/inn_xr5ou9tftxjd,机器/深度学习算法实习生,500-2000人,6分钟前,软件,3个月,2018-03-21 10:37:03,150-200/天
,,,,,,https://www.shixiseng.com/com/com_pafetn6hu7wd,北京中关村,,,,[],4天/周,,,,硕士,2018-04-02,['3、理解自然语言处理/搜索/推荐系统/用户数据分析和建模的基本概念和常用方法；\xa0'],https://www.shixiseng.com/intern/inn_4vf6wrzknchy,BD项目机器学习实习生,,32分钟前,Android,3个月,2018-03-21 10:11:17,200-201/天
,北京, ,京东世纪贸易有限公司,,互联网金融领跑者,https://www.shixiseng.com/com/com_00egljcux657,北京,https://sxsimg.xiaoyuanzhao.com/AB/A7/AB41FF4085D2541CA0BB1F4E2DE24BA7.jpg,京东金融,http://jr.jd.com/,[],5天/周,"京东金融集团于2013年10月开始独立运营，至今已建立起十大业务板块——企业金融、消费金融、财富管理、支付、众筹众创、保险、证券、农村金融、金融科技、海外事业，实现了公司金融和消费者金融的双重布局，并实现了国际化。京东金融集团定位服务于金融机构的科技公司，坚持以数据、用户、连接为三大关键点，坚持遵从金融本质，以数据为基础，以技术为手段，为金融机构在场景拓展、获客、运营、风控、研发等核心价值环节提供服务，在提升效率、降低成本的同时增加收入，推动整个行业全面跨进智能金融时代。大事记2017年2017年9月，京东金融布局海外第一步, 与泰国最大的零售企业之一尚泰集团有限公司在泰国成立合资公司​。2017年9月，与光大银行达成战略合作。​2017年8月，京东金融旗下首支定位于消费领域早期投资的风险投资基金——千树资本正式成立​。2017年7月，与招商银行联合发布“小白信用联名卡”。​2017年7月，海外事业部成立，旨在更好地推动和落地京东金融国际化业务战略，让金融科技服务于全球市场。​2017年7月，基于与银联“云闪付”的合作，京东支付推出NFC创新产品——京东闪付。​2017年6月，京东金融重组完成交割​。2017年6月，获《亚洲银行家》2017“年度信贷风控技术实施奖”​。2017年6月，与工商银行启动全面合作。​2017年4月，推出业内首家金融机构自运营平台——“京东行家”​。2017年3月，暖东京东公益互联网资金募捐平台上线​。2017年3月，京东农村金融首家落地数据农贷，精准放贷提高资金管理效率。​2017年1月，与中国银联达成战略合作。​2016年2016年12月，推出“东家财富”高端金融服务平台​。2016年11月，与美国大数据分析公司ZestFinance合资成立ZRobot​。2016年9月，“白条闪付”正式上线，覆盖800万线下商户​。2016年9月，推出“资产证券化云平台”，以此推动资本市场直接融资业务的发展​。2016年9月，成立金融科技事业部，加快金融科技输出步伐。2016年月，发布两款证券行业产品，京东金融大数据消费指数及量化策略开发平台。2016年月，国内首单互联网保理业务ABS——京东金融保理ABS在上交所挂牌。2016年4月，京东股票APP上线。2016年月，消费金融品牌战略升级，启动独立域名baitiao.com。2016年月，完成首轮融资66. 5亿人民币。2015年2015年月，国内首单互联网消费金融业务ABS——京东白条ABS在深交所挂。2015年9月，
发布京东农村金融战略。同期，京东农村信贷品牌“京农贷”正式发布。2015年8月，
联手中信银行发布国内首款“互联网+信用卡”——小白卡。2015年月，
保险业务上线，证券业务上线。2015年月，消费金融场景走出京东，白条产品覆盖住房、装修、车险、驾校等场景。2015年月，推出京东众创生态。2014年2014年10月，供应链金融新产品“京小贷”上线。2014年7月，京东金融APP上线。2014年月，京东产品众筹上线。2014年5月，京东用户个人信用评价体系“小白信用”落地。2014年3月，京东支付上线。2014年月，理财业务上线，“京东小金库”上线。2014年月，国内首个互联网消费金融产品“白条”上线。2013年2013年12月，首个供应链金融产品“京保贝”上线。​2013年10月，京东金融集团独立运营。",,"互联网,金融/保险",本科,2018-04-02,"['【岗位职责】：', '、负责大规模机器学习算法的开发；', '、负责时空数据特别是智能交通领域的特征提取、模型构建、定制和优化；', '、跟进业界机器学习的研究成果，开发', '提升相应的算法任务。', '【任职要求】：', '、本科或以上学历，计算机等相关专业；', '、至少熟悉一种分布式机器学习的开源框架，如', '、', '等；', '、熟悉机器学习各种模型', '矩阵', '张量分解、', '等', '者优先；', '、参与过智能交通相关领域机器学习项目者优先；', '、有', '等竞赛获奖者加分；', '、有良好的编程习惯', '具有较强的自我驱动能力和足够的自信心。']",https://www.shixiseng.com/intern/inn_fkbu7f3mtw0v,算法实习生--机器学习方向,2000人以上,1小时前,算法,5个月,2018-03-21 09:32:45,220-280/天
注册资本：524.8332 万元 美元,北京,公司类型：有限责任公司(外国法人独资),思博伦通信科技（北京）有限公司,注册号：110000410222215,技术领先的通信测试技术和相关设备的提供商,https://www.shixiseng.com/com/com_sqv9tyc2mzn3,北京市海淀区学院路35号世宁大厦13层思博伦通信,https://sxsimg.xiaoyuanzhao.com/company_logo/2015-30/E4MG2c9N8bf6BWU.png,思博伦通信,http://www.spirent.cn/,[],3天/周,"思博伦拥有全面的测试解决方案，这些解决方案能够帮助客户顺利地开发和部署下一代网络技术及应用，是数据中心、云计算、SDN/NFV、虚拟环境、高速以太网、4G网络及用户体验、智能终端、网络及应用安全、卫星定位测试领域的领导者。
目前思博伦通信的产品在中国已经拥有了上百家客户，思博伦通信为您提供：
•	最佳通信测试平台 
•	全面完整的通信测试解决方案 
•	一流的测试咨询服务 
•	完善的售后服务 
•	周到的技术培训
思博伦通信注重员工发展，为员工提供有意义、有挑战的工作；通过有效的沟通和有竞争力的奖励，帮助员工提高对工作的满意度，并荣获了财富杂志评选的“2009年中国最适宜工作的公司”称号，并在2013年荣获了智联招聘评选的“最具潜力雇主”称号。
公司网址：http://www.spirent.cn/",成立日期：2004-11-10,通信/电子,本科,2018-04-11,"['岗位要求：', '·\xa0\xa0\xa0\xa0\xa0\xa0\xa0\xa0\r\n理工科研究生，每周保证三到四天实习时间。', '·\xa0\xa0\xa0\xa0\xa0\xa0\xa0\xa0\r\n擅长代码编写，有Python语言和关系型数据库经验', '·\xa0\xa0\xa0\xa0\xa0\xa0\xa0\xa0\r\n熟悉机器学习和深度学习算法者优先', '·\xa0\xa0\xa0\xa0\xa0\xa0\xa0\xa0\r\n熟悉Web框架如Web2py或者Django者优先', '\xa0', '岗位要求：', '·\xa0\xa0\xa0\xa0\xa0\xa0\xa0\xa0\r\n开发和调试基于Python编写的机器学习软件', '·\xa0\xa0\xa0\xa0\xa0\xa0\xa0\xa0\r\n负责机器学习性能的评估以及优化', '·\xa0\xa0\xa0\xa0\xa0\xa0\xa0\xa0\r\n开发和调试基于Web框架的软件', '·\xa0\xa0\xa0\xa0\xa0\xa0\xa0\xa0\r\n负责相关软件的测试以及部署', '·\xa0\xa0\xa0\xa0\xa0\xa0\xa0\xa0\r\n负责相关软件的CI/CD流程设计和维护', '\xa0', '工作地点：北京']",https://www.shixiseng.com/intern/inn_ibrytce1jtch,基于机器学习的Python实习生,150-500人,1小时前,Python,4个月,2018-03-21 09:27:40,150-200/天
,北京,,中国电信北京研究院,,国家信息通信研究领域最重要的支撑单位和工业和信息化部在综合政策领域主要的依托单位,https://www.shixiseng.com/com/com_0nondugciliz,北京市昌平区未来科技城中国电信科技园,https://sxsimg.xiaoyuanzhao.com/2A/09/2AB5E37B0F71D34D9B483595F4C48609.jpg,电信研究院,,[],3天/周,电信研究院总部位于北京市海淀区花园北路52号，始建于二十世纪50年代中期，前身为邮电部邮电科学研究院。多年来，电信研究院承担了大量国家和行业的重大研究工作，在通信产业政策、电信技术标准、通信发展规划、产品测试认证等方面积累了丰富的经验，为我国通信产业发展做出过比较重要的贡献。,,,硕士,2018-04-30,"['3.有良好的数据结构和算法设计基础；', '4.对机器学习/神经网络领域有一定研究；', '5.掌握至少一种机器学习/深度学习框架（如TensorFlow/Caffe2/MXNet/PyTorch/Keras/Theano等)，有项目经验者优先；']",https://www.shixiseng.com/intern/inn_26rujkyvvdfa,机器学习/深度学习研发实习生,150-500人,11小时前,Python,13个月,2018-03-20 23:34:44,300-450/天
注册资本：117626万美元,北京,公司类型：有限责任公司(台港澳法人独资),北京三快在线科技有限公司,注册号：110000450172508,中国最大的生活服务电商平台,https://www.shixiseng.com/com/com_bdgpc1uyxei4,北京市朝阳区望京东路4号恒电大厦BC座,https://sxsimg.xiaoyuanzhao.com/B3/68/B376BC157CC6781EEA49E553BF807668.jpg,美团点评,http://www.meituan.com,[],4天/周,"美团点评公司是全球领先的一站式生活服务平台，为超过6亿消费者和和超过450万的优质商户提供一个连接线上线下的电子商务网络。
秉承我们帮大家吃得更好，活的更好的使命，美团点评的业务覆盖了超过200个丰富品类和2800个城区县网络，在餐饮、外卖、酒店旅游、丽人、家庭、休闲娱乐等领域具有领先的市场地位。
美团点评不断用科技和创新赋能于传统产业，深刻地影响和改变了广大用户的生活习惯。截止2016年底，美团点评年度活跃买家超过2.4亿。",成立日期：2011-05-06,"生活服务,计算机/互联网",本科,2018-04-30,['4.对数据敏感，思维逻辑清晰，对业务问题充满好奇，相信大数据背后的力量。'],https://www.shixiseng.com/intern/inn_3ixfi82gppi2,机器学习/数据挖掘算法工程师（实习）,2000人以上,12小时前,云计算/大数据,6个月,2018-03-20 22:40:00,200-300/天
注册资本：149000万人民币,北京,公司类型：有限责任公司(法人独资),钱包金服（北京）科技有限公司,注册号：110105020231369,钱包金服简称钱包，是A股上市公司奥马电器（002668）（本网站内或简称“奥马电器”）金融科技品牌。,https://www.shixiseng.com/com/com_cumrjessvsgu,北京市朝阳区酒仙桥路52号院东方科技园,https://sxsimg.xiaoyuanzhao.com/84/A7/849891039FBB0416FA37B398CCC06DA7.png,钱包金服,http://www.qianbao.com,"['同事好相处', '提倡创新', '创意 设计', '补助&amp;amp;amp;节假日福利', '大牛多', '技术', '年轻任性', '责任 高效 进取 开放', '适合大学生', '学习机会']",5天/周,,成立日期：2015-11-17,金融,本科,2018-04-30,"['岗位描述', '1、设计并实施高可用模型，以预测多种结果；', '2、负责建立模型以解决现实问题；', '3、与产品、市场和业务分析人员协调合作开发模型来支持特定业务需求。', '任职资格', '1、全栈机器学习建模：从数据清洗、数据预处理、变量构造、特征值提取、变量筛选 到 机器学习建模、模型评估、模型打包上线等。', '2、熟悉常用的机器学习模型和算法；', '3、熟悉R、Python等语言并有持续学习的兴趣；', '4、拥有数据结构和并行化的知识；', '5、有成功的可验证的实施案例者优先，有成功的机器学习竞赛经验者优先；', '6、本科以及以上学历，专业不限。']",https://www.shixiseng.com/intern/inn_vuve7trjbusv,机器学习建模算法工程师,2000人以上,16小时前,算法,4个月,2018-03-20 18:13:22,100-110/天
注册资本：1161万元人民币,北京,公司类型：有限责任公司(自然人投资或控股),深思考人工智能机器人科技（北京）有限公司,注册号：110108019692870,深思考ideepwise，有温情的人工智能,https://www.shixiseng.com/com/com_noporbzg01xe,北京市海淀区上地信息路12号中关村发展大厦B201-205室,https://sxsimg.xiaoyuanzhao.com/E5/20/E5860F5AC93298C2CB828F438BFCC720.jpg,深思考Ideepwise,http://www.ideepwise.ai,"['北京', '弹性工作', '留用机会大', '免费宿舍提供', '本科及以上', '可转正']",3天/周,"深思考人工智能是专注于类脑人工智能与深度学习核心科技的高科技公司。目前在深度语义识别/多轮人机交互领域全国第一（SMP2017任务二大赛第一名）；人工智能医疗影像识别方向取得原理性突破（分类精度99.3%，比美国国立卫生研究院NIH 高1%）。公司主要面向医疗、汽车及智能家居三大领域提供人工智能产品及服务解决方案。产品已在人工智能医疗与健康、智能驾驶与出行、人工智能机器人（智能客服、智能家居）等多个垂直领域实现广泛应用。
深思考人工智能的核心技术主要体现在三方面，即基于深度学习的中文自然语言处理/语义识别(NLP/NLU)实现垂直领域的多轮多任务语义交互与中文校对、基于机器视觉与文本语义的多模态情感计算以及基于FPGA的深度学习性能优化与加速。",成立日期：2015-08-17,计算机/互联网,硕士,2018-03-26,"['岗位职责：', '1、结合数据挖掘传统算法，机器学习浅层算法，深度学习深层算法在人工智能领域的产品中进行分类和预测；', '2、以上算法在图像识别、自然语言处理、舆情分析、语音识别等人工智能方面的应用；', '3、以上算法在高性能云计算服务器上的并行化和优化工作。', '任职要求：', '1、硕士及以上学历，计算机相关专业毕业；', '2、对机器学习的一般模型如分类、聚类、关联分析、预测等模型熟悉（LR，CART，SVM，NN，Bayesian，PCA，LDA等），理解一些常用的特征选择和矩阵分解的算法；', '3、熟悉深度神经网络和常用的模型,如RBM、CNN、DBN、Sparsecoding、RNN等，对常用的开源实现,如Caffe、Theano或ConvNet等有实践经验者优先考虑；', '4、熟悉深度神经网络在图像识别、自然语言处理方面的应用，有文本处理方面的经验者优先考虑；', '5、熟悉大规模并行计算的基本原理并具有实现并行计算算法的基本能力，熟悉Hadoop或者Spark架构者优先考虑，有过基于GPU指令的算法优化经验者优先考虑；', '6、良好的英文阅读能力，跟踪学术界和工业界的最新研究成果，并可以通过编程语言（C、C++、java、Python、Matlab）来编程实现，有编程实现过近几年深度学习相关论文算法者着重考虑；', '7、有创造性的思维，敢于超越技术极限，致力于研发一流的技术和产品；', '8、具有良好的沟通能力，和良好的团队合作精神。']",https://www.shixiseng.com/intern/inn_f32ygzpqmvr0,机器学习与算法工程师,50-150人,16小时前,软件,3个月,2018-03-20 17:59:49,200-400/天
注册资本：1594.3879万人民币,上海,公司类型：有限责任公司,华院数据技术（上海）有限公司,组织机构代码：73814805-2,中国最早从事大数据分析挖掘的企业，致力于打造大数据产业生态圈,https://www.shixiseng.com/com/com_qebqujwjzwqb,上海,https://sxsimg.xiaoyuanzhao.com/A6/2F/A6E5AC0CBBFF93E3E8A2F078A306422F.jpg,华院数据,http://www.unidt.com/,[],5天/周,"华院数据技术（上海）有限公司(以下简称""华院"")，成立于2002年3月。华院深耕大数据行业十余载，与国外技术发展同步，拥有国内目前水平最高的数据挖掘应用团队，为客户提供营销、运营等全方位解决方案和应用软件。

     当前华院主营业务为深度孵化并且致力于打造大数据产业生态圈 ，形成孵化企业资源共享，协同发展。已与腾讯、阿里等多家一线企业达成战略合作。 

     华院已成功孵化8家大数据子公司，旗下“数云”员工已超过400人，是中国电子商务CRM领导品牌。

    

l  总部设在上海，在北京、广州、西安、成都、青岛、杭州、乌鲁木齐设有子分公司/办事处；香港、美国硅谷、澳大利亚墨尔本设立海外研究机构；

l  华院集团业务面向主要的商业服务领域，长期专注在金融、电信、航空、零售、电商行业的数据挖掘应用研究，服务范围覆盖全国，在27个省、市、自治区搭建了专项项目研究小组；

l  华院拥有200多位模型工程师、软件工程师及资深顾问；咨询项目总计超过600余个，数据模型超过100余个，专业软件超过30余个",成立日期：2002-04-23,其他,硕士,2018-04-03,"['岗位职责：', '1. 模式识别、图像处理相关算法研究开发', '2. 基于图像/视频的人物/人体/物体检出、识别、追踪等；', '职位要求：', '1. 硕士研究生及以上学历，计算机视觉、人工智能、机器学习、模式识别、图像处理等专业；', '2. 掌握模式识别、图像处理的基本算法,有相关学习或工作经验；', '3. 有基于图像/视频的人物/人体/物体检出、识别、追踪相关实践经验者优先；', '4. 掌握多种计算机语言和工具, 例如: C/C++, python, OpenCV, Caffe等。']",https://www.shixiseng.com/intern/inn_4aaeyiojrgsk,机器学习工程师（图像识别方向）,2000人以上,17小时前,算法,6个月,2018-03-20 16:52:38,150-200/天
注册资本：1594.3879万人民币,上海,公司类型：有限责任公司,华院数据技术（上海）有限公司,组织机构代码：73814805-2,中国最早从事大数据分析挖掘的企业，致力于打造大数据产业生态圈,https://www.shixiseng.com/com/com_qebqujwjzwqb,上海,https://sxsimg.xiaoyuanzhao.com/A6/2F/A6E5AC0CBBFF93E3E8A2F078A306422F.jpg,华院数据,http://www.unidt.com/,[],5天/周,"华院数据技术（上海）有限公司(以下简称""华院"")，成立于2002年3月。华院深耕大数据行业十余载，与国外技术发展同步，拥有国内目前水平最高的数据挖掘应用团队，为客户提供营销、运营等全方位解决方案和应用软件。

     当前华院主营业务为深度孵化并且致力于打造大数据产业生态圈 ，形成孵化企业资源共享，协同发展。已与腾讯、阿里等多家一线企业达成战略合作。 

     华院已成功孵化8家大数据子公司，旗下“数云”员工已超过400人，是中国电子商务CRM领导品牌。

    

l  总部设在上海，在北京、广州、西安、成都、青岛、杭州、乌鲁木齐设有子分公司/办事处；香港、美国硅谷、澳大利亚墨尔本设立海外研究机构；

l  华院集团业务面向主要的商业服务领域，长期专注在金融、电信、航空、零售、电商行业的数据挖掘应用研究，服务范围覆盖全国，在27个省、市、自治区搭建了专项项目研究小组；

l  华院拥有200多位模型工程师、软件工程师及资深顾问；咨询项目总计超过600余个，数据模型超过100余个，专业软件超过30余个",成立日期：2002-04-23,其他,硕士,2018-04-03,"['工作职责：', '1. 利用机器学习/深度学习的技术进行前沿人工智能技术研发', '2. 熟练掌握机器学习/深度学习等相关知识', '3. 实现机器学习算法和技术解决实际问题', '职位要求：', '1. 计算机、数学、统计相关专业，硕士及以上学历', '2. 熟练掌握至少一门编程语言，如Python、Java等', '3. 能够熟练的使用Caffe、Tensorflow、Theano、Torch等任一种主流的深度学习框架']",https://www.shixiseng.com/intern/inn_owdgdskac3er,高级机器学习工程师,2000人以上,17小时前,数据挖掘,6个月,2018-03-20 16:51:47,150-200/天
注册资本：1594.3879万人民币,上海,公司类型：有限责任公司,华院数据技术（上海）有限公司,组织机构代码：73814805-2,中国最早从事大数据分析挖掘的企业，致力于打造大数据产业生态圈,https://www.shixiseng.com/com/com_qebqujwjzwqb,上海,https://sxsimg.xiaoyuanzhao.com/A6/2F/A6E5AC0CBBFF93E3E8A2F078A306422F.jpg,华院数据,http://www.unidt.com/,[],3天/周,"华院数据技术（上海）有限公司(以下简称""华院"")，成立于2002年3月。华院深耕大数据行业十余载，与国外技术发展同步，拥有国内目前水平最高的数据挖掘应用团队，为客户提供营销、运营等全方位解决方案和应用软件。

     当前华院主营业务为深度孵化并且致力于打造大数据产业生态圈 ，形成孵化企业资源共享，协同发展。已与腾讯、阿里等多家一线企业达成战略合作。 

     华院已成功孵化8家大数据子公司，旗下“数云”员工已超过400人，是中国电子商务CRM领导品牌。

    

l  总部设在上海，在北京、广州、西安、成都、青岛、杭州、乌鲁木齐设有子分公司/办事处；香港、美国硅谷、澳大利亚墨尔本设立海外研究机构；

l  华院集团业务面向主要的商业服务领域，长期专注在金融、电信、航空、零售、电商行业的数据挖掘应用研究，服务范围覆盖全国，在27个省、市、自治区搭建了专项项目研究小组；

l  华院拥有200多位模型工程师、软件工程师及资深顾问；咨询项目总计超过600余个，数据模型超过100余个，专业软件超过30余个",成立日期：2002-04-23,其他,硕士,2018-04-03,,https://www.shixiseng.com/intern/inn_q2hjhggqsray,机器学习实习生,2000人以上,17小时前,算法,3个月,2018-03-20 16:51:45,150-200/天
注册资本：1594.3879万人民币,上海,公司类型：有限责任公司,华院数据技术（上海）有限公司,组织机构代码：73814805-2,中国最早从事大数据分析挖掘的企业，致力于打造大数据产业生态圈,https://www.shixiseng.com/com/com_qebqujwjzwqb,上海,https://sxsimg.xiaoyuanzhao.com/A6/2F/A6E5AC0CBBFF93E3E8A2F078A306422F.jpg,华院数据,http://www.unidt.com/,[],5天/周,"华院数据技术（上海）有限公司(以下简称""华院"")，成立于2002年3月。华院深耕大数据行业十余载，与国外技术发展同步，拥有国内目前水平最高的数据挖掘应用团队，为客户提供营销、运营等全方位解决方案和应用软件。

     当前华院主营业务为深度孵化并且致力于打造大数据产业生态圈 ，形成孵化企业资源共享，协同发展。已与腾讯、阿里等多家一线企业达成战略合作。 

     华院已成功孵化8家大数据子公司，旗下“数云”员工已超过400人，是中国电子商务CRM领导品牌。

    

l  总部设在上海，在北京、广州、西安、成都、青岛、杭州、乌鲁木齐设有子分公司/办事处；香港、美国硅谷、澳大利亚墨尔本设立海外研究机构；

l  华院集团业务面向主要的商业服务领域，长期专注在金融、电信、航空、零售、电商行业的数据挖掘应用研究，服务范围覆盖全国，在27个省、市、自治区搭建了专项项目研究小组；

l  华院拥有200多位模型工程师、软件工程师及资深顾问；咨询项目总计超过600余个，数据模型超过100余个，专业软件超过30余个",成立日期：2002-04-23,其他,硕士,2018-04-03,"['工作职责：', '1.负责实体识别、关键字抽取、文本分类、智能问答、时间抽取、情感分析、事件关联等自然语言处理相关算法设计和优化', '2.负责知识提取、实体链结、实体融合、知识推理、语义搜索等知识图谱系统的构建和优化', '岗位要求：', '1. 计算机、数学或相关专业，硕士或以上学历；', '2. 自然语言处理/机器学习相关项目2年或以上工作经验；', '3. 熟练掌握一门脚本语言，如python或者java；', '4. 对中文分词、词性标注、实体识别、语义搜索、智能问答等某一研究领域有较深的研究。']",https://www.shixiseng.com/intern/inn_xakcosxlapq1,机器学习工程师(NLP方向),2000人以上,17小时前,算法,6个月,2018-03-20 16:51:04,150-200/天
注册资本：200万元美元,深圳,公司类型：有限责任公司（台港澳法人独资）,腾讯科技(深圳)有限公司,注册号：440301503270924,中国浏览量最大的中文门户网站,https://www.shixiseng.com/com/com_klj5ssw4yspk,深圳,https://sxsimg.xiaoyuanzhao.com/77/56/774790A6E764F9F3E1D1816966490F56.png,腾讯,http://www.qq.com/,[],5天/周,通过互联网服务提升人类生活品质是腾讯公司的使命。目前，腾讯把为用户提供“一站式在线生活服务”作为战略目标，提供互联网增值服务、移动及电信增值服务和网络广告服务。通过即时通信QQ、腾讯网（QQ.com）、腾讯游戏、QQ空间、无线门户、搜搜、拍拍、财付通等中国领先的网络平台，腾讯打造了中国最大的网络社区，满足互联网用户沟通、资讯、娱乐和电子商务等方面的需求。截至2011年9月30日，QQ即时通信的活跃帐户数达到7.117亿，最高同时在线帐户数达到1.454亿。腾讯的发展深刻地影响和改变了数以亿计网民的沟通方式和生活习惯，并为中国互联网行业开创了更加广阔的应用前景。,成立日期：2000-02-24,互联网,硕士,2018-04-03,,https://www.shixiseng.com/intern/inn_btgg1xncafqz,【2019届】数据挖掘机器学习算法工程师,2000人以上,19小时前,数据挖掘,3个月,2018-03-20 15:02:37,200-201/天
注册资本：200万元美元,深圳,公司类型：有限责任公司（台港澳法人独资）,腾讯科技(深圳)有限公司,注册号：440301503270924,中国浏览量最大的中文门户网站,https://www.shixiseng.com/com/com_klj5ssw4yspk,深圳,https://sxsimg.xiaoyuanzhao.com/77/56/774790A6E764F9F3E1D1816966490F56.png,腾讯,http://www.qq.com/,[],5天/周,通过互联网服务提升人类生活品质是腾讯公司的使命。目前，腾讯把为用户提供“一站式在线生活服务”作为战略目标，提供互联网增值服务、移动及电信增值服务和网络广告服务。通过即时通信QQ、腾讯网（QQ.com）、腾讯游戏、QQ空间、无线门户、搜搜、拍拍、财付通等中国领先的网络平台，腾讯打造了中国最大的网络社区，满足互联网用户沟通、资讯、娱乐和电子商务等方面的需求。截至2011年9月30日，QQ即时通信的活跃帐户数达到7.117亿，最高同时在线帐户数达到1.454亿。腾讯的发展深刻地影响和改变了数以亿计网民的沟通方式和生活习惯，并为中国互联网行业开创了更加广阔的应用前景。,成立日期：2000-02-24,互联网,硕士,2018-04-03,,https://www.shixiseng.com/intern/inn_ybmp6yecb0ar,【2019届】数据挖掘机器学习算法工程师,2000人以上,19小时前,算法,3个月,2018-03-20 15:02:34,200-201/天
注册资本：1000万元人民币,北京,公司类型：有限责任公司(自然人投资或控股),北京小桔科技有限公司,注册号：110108015068911,全球领先的移动出行平台,https://www.shixiseng.com/com/com_sppzggg6k3bg,北京,https://sxsimg.xiaoyuanzhao.com/3C/D1/3C0BD69C2DC0C5222A061635FDC55BD1.jpg,滴滴出行,http://www.xiaojukeji.com,[],5天/周,,成立日期：2012-07-10,互联网,硕士,2018-03-30,['熟悉Tensorflow/Keras/MXNet等开源深度学习框架，有源代码开发经验者优先；'],https://www.shixiseng.com/intern/inn_xafidewjkrzt,机器学习平台研发工程师,500-2000人,20小时前,云计算/大数据,3个月,2018-03-20 13:47:11,200-260/天
注册资本：500万元人民币,北京,公司类型：有限责任公司(自然人投资或控股),北京安麒智能科技有限公司,统一社会信用代码：91110108MA00F6X99K,一家注册在中关村科技园的高科技公司,https://www.shixiseng.com/com/com_e5qeo6yxsg8r,北京市海淀区上地金隅嘉华大厦F座402B,https://sxsimg.xiaoyuanzhao.com/3E/26/3EDC361DBEB5404A6DAADA8CA2F2B426.png,安麒智能,http://正在搭建中,"['高成长', '敏捷团队', '牛人多', '福利优厚', '年轻态', '氛围棒']",3天/周,       安麒智能科技有限公司是位于北京市海淀区的人工智能高科技企业。公司专注机器视觉和智能机器人技术，打造领先的机器视觉实时识别、智能分类深度学习、高速机器人抓取 “让机器懂世界，让世界更美好”。/    2018,成立日期：2017-06-12,计算机/互联网,本科,2018-06-01,"['岗位职责：', '1. 对工业摄像机图像等多种传感器数据进行分析，参与构建深度学习算法', '2. 在工程师指导下对深度学习数据进行标记和训练，参与深度学习算法的优化', '任职要求：', '1、计算机、自动化、图像处理、机器视觉、信号处理等相关专业，本科及以上在校大学生，有项目开发经验者优先；能够持续3个月以上全时实习', '2、具备良好的C/C++，Python设计与程序开发能力；', '3、对计算机视觉和图像处理常用算法库Opencv、Halcon等有一定了解，熟悉各种物体检测、跟踪与识别的基本算法', '4. 对Caffe、Tenseflow 等深度学习框架有一定了解和实践经验', '5、积极思考与钻研，能够主动分析问题解决问题；具备强烈的责任心和良好的沟通能力。', '2018届、2019届优秀应届生加盟，在这里你有机会开发全球领先的产品和与一流的团队一起成长！']",https://www.shixiseng.com/intern/inn_jef6bac2t5oj,机器视觉及深度学习算法实习生,15-50人,21小时前,软件,3个月,2018-03-20 13:42:30,150-200/天
注册资本：125万元,北京,公司类型：有限责任公司(自然人投资或控股),智擎信息技术（北京）有限公司,注册号：110108017441770,工业大数据智能解决方案提供商,https://www.shixiseng.com/com/com_mlje8z9xm45c,北京市西城区裕民东路3号京版信息港,https://sxsimg.xiaoyuanzhao.com/33/01/330A17B9E1B437770D9069E27F9F3101.png,智擎工业大数据,http://www.wysengine.com,"['机器学习', '学到知识', '平台好机会多', '转正']",5天/周,智擎利用云和大数据机器学习技术，为工业企业提供各类设备的智能故障预测、设备亚健康分析以及相关增值服务。让每台工业设备健康运行是我们的使命。,成立日期：2014-06-20,计算机/互联网,硕士,2018-05-31,,https://www.shixiseng.com/intern/inn_eyw1ifeceebe,机器学习/算法工程师,15-50人,21小时前,算法,10个月,2018-03-20 13:37:58,200-400/天
注册资本：100 万元 人民币,北京,公司类型：有限责任公司(自然人投资或控股),三角兽（北京）科技有限公司,注册号：110105020712791,可能是国内最强的人工智能团队,https://www.shixiseng.com/com/com_ku28iowolcti,北京市朝阳区惠新东街甲2号住总地产大厦8层,https://sxsimg.xiaoyuanzhao.com/05/DF/05C1B97F2016CC75B943242514BD71DF.png,三角兽,http://trio.ai,"['互联网+', '公司前景好', '有吃喝有梦想', '敢创新', '创业激情']",4天/周,三角兽科技（），一家人工智能科技公司，目前正开发一个基于语义理解的智能交互系统，在开放域聊天和端对端对话解决方案方面领先国内多数公司。公司对机器学习、、语义理解等核心技术在人工智能场景的应用上具备丰富经验，拥有极高的技术壁垒。 三角兽因三位联合创始人而得名，分别是前百度度秘中控决策负责人王卓然；前微软小冰、百度度秘开放域聊天技术创始人亓超；市场经验丰富的连续创业者马宇驰。团队成员由来自微软、百度、乐视的核心技术 和算法工程师组成。希望将人工智能技术真正用于产品，实现商业化。 三角兽科技于年年初创办，个月内完成轮共万人民融资，天使轮获得洪泰资本和天善资本万投资，轮获得君联资本和赛富投资基金万投资。 也许你被无数人工智能的宣传泡沫包围，看不到这个领域的未来，那是因为绝大多数号称人工智能的公司，只做到了其中的一半：人工。我们希望，人工智能技术真正的落地在产品中，而不是只用于描绘未来。 我们邀请你加入，一起将人工智能技术用于有意义的产品，一起揣着万一可以改变世界的小小情怀，将人工智能技术的边界向前推进。,成立日期：2016-02-22,计算机/互联网,本科,2018-03-31,"['编程能力强、本科/研究生在读、可尽快参加实习、实习期 4-5个月以上的优先。', '【工作职责】', '1、参与下一代语音对话系统、智能问答系统、个性化推荐交互的研发，探索非结构化文本理解、', '\xa0 \xa0 \xa0知识抽取、对话决策管理、逻辑推理等前沿技术问题的实用化解决方案。', '2、结合实际业务场景，应用 NLP、AI、ML 技术解决实际问题。', '【职位要求】', '1、计算机及相关专业，本科及以上学历；', '2、精通 C/C++ 及 Python 语言，有一定的编程基础；', '3、熟悉算法和数据结构；熟悉机器学习，NLP 及深度学习方向优先；', '5、每周至少 4 天（可以包含周六）到公司，能尽快入职实习期 4-5个月以上优先。']",https://www.shixiseng.com/intern/inn_sfmwbumptmdy,机器学习算法工程师实习生,15-50人,21小时前,算法,7个月,2018-03-20 12:54:21,200-350/天
注册资本：100 万元 人民币,北京,公司类型：有限责任公司(自然人投资或控股),三角兽（北京）科技有限公司,注册号：110105020712791,可能是国内最强的人工智能团队,https://www.shixiseng.com/com/com_ku28iowolcti,北京市朝阳区惠新东街甲2号住总地产大厦8层,https://sxsimg.xiaoyuanzhao.com/05/DF/05C1B97F2016CC75B943242514BD71DF.png,三角兽,http://trio.ai,"['互联网+', '公司前景好', '有吃喝有梦想', '敢创新', '创业激情']",4天/周,三角兽科技（），一家人工智能科技公司，目前正开发一个基于语义理解的智能交互系统，在开放域聊天和端对端对话解决方案方面领先国内多数公司。公司对机器学习、、语义理解等核心技术在人工智能场景的应用上具备丰富经验，拥有极高的技术壁垒。 三角兽因三位联合创始人而得名，分别是前百度度秘中控决策负责人王卓然；前微软小冰、百度度秘开放域聊天技术创始人亓超；市场经验丰富的连续创业者马宇驰。团队成员由来自微软、百度、乐视的核心技术 和算法工程师组成。希望将人工智能技术真正用于产品，实现商业化。 三角兽科技于年年初创办，个月内完成轮共万人民融资，天使轮获得洪泰资本和天善资本万投资，轮获得君联资本和赛富投资基金万投资。 也许你被无数人工智能的宣传泡沫包围，看不到这个领域的未来，那是因为绝大多数号称人工智能的公司，只做到了其中的一半：人工。我们希望，人工智能技术真正的落地在产品中，而不是只用于描绘未来。 我们邀请你加入，一起将人工智能技术用于有意义的产品，一起揣着万一可以改变世界的小小情怀，将人工智能技术的边界向前推进。,成立日期：2016-02-22,计算机/互联网,硕士,2018-03-31,"['工作职责：', '\xa0', '1', '、参与研究对话语义建模、问答系统、短文本语义理解、无结构文本挖掘等', ' NLP ', '关键前沿技术；', '\xa0', '2', '、参与探索深度学习模型在', ' NLP ', '领域中的应用，实现真正美观有效的深度学习模型；', '\xa0', '3', '、参与构建各种基本机器学习的实用化工具包。', '\xa0', '职位要求：', '\xa0', '1', '、计算机相关专业，硕士及以上学历；', '\xa0', '2', '、具备自然语言处理及机器学习方面的基础理论知识，有相关项目经验者优先；', '\xa0', '3', '、了解当前主要深度学习模型的基本框架及基本思想，有一定的', ' Tensor Flow ', '或', ' Keras ', '等深度学习框架使用经验，在深度学习领域发表过论文或有意愿发表论文者优先；\xa0', '4', '、熟悉', ' C/C++', '及', ' Python ', '语言，有一定的编程基础；']",https://www.shixiseng.com/intern/inn_iy6o5498psnx,自然语言处理及机器学习研究员实习生,15-50人,21小时前,软件,9个月,2018-03-20 12:53:21,300-500/天
注册资本：100 万元 人民币,北京,公司类型：有限责任公司(自然人投资或控股),三角兽（北京）科技有限公司,注册号：110105020712791,可能是国内最强的人工智能团队,https://www.shixiseng.com/com/com_ku28iowolcti,北京市惠新东街甲2号住总地产大厦8层,https://sxsimg.xiaoyuanzhao.com/05/DF/05C1B97F2016CC75B943242514BD71DF.png,三角兽,http://trio.ai,"['互联网+', '公司前景好', '有吃喝有梦想', '敢创新', '创业激情']",4天/周,三角兽科技（），一家人工智能科技公司，目前正开发一个基于语义理解的智能交互系统，在开放域聊天和端对端对话解决方案方面领先国内多数公司。公司对机器学习、、语义理解等核心技术在人工智能场景的应用上具备丰富经验，拥有极高的技术壁垒。 三角兽因三位联合创始人而得名，分别是前百度度秘中控决策负责人王卓然；前微软小冰、百度度秘开放域聊天技术创始人亓超；市场经验丰富的连续创业者马宇驰。团队成员由来自微软、百度、乐视的核心技术 和算法工程师组成。希望将人工智能技术真正用于产品，实现商业化。 三角兽科技于年年初创办，个月内完成轮共万人民融资，天使轮获得洪泰资本和天善资本万投资，轮获得君联资本和赛富投资基金万投资。 也许你被无数人工智能的宣传泡沫包围，看不到这个领域的未来，那是因为绝大多数号称人工智能的公司，只做到了其中的一半：人工。我们希望，人工智能技术真正的落地在产品中，而不是只用于描绘未来。 我们邀请你加入，一起将人工智能技术用于有意义的产品，一起揣着万一可以改变世界的小小情怀，将人工智能技术的边界向前推进。,成立日期：2016-02-22,计算机/互联网,硕士,2018-03-31,"['职位要求：', '1、计算机或相关专业在读研究生或者博士生；', '2、良好的逻辑思维能力，能够从海量数据中发现有价值的规律；', '3、熟悉C++/Python语言编程，对数据结构和算法设计有较为深刻的理解；', '4、熟悉大规模数据挖掘、机器学习、自然语言处理；', '5、每周至少4-5天到公司，实习时间半年以上优先。', ' ']",https://www.shixiseng.com/intern/inn_rfwqeyu08dmz,机器学习算法工程师,15-50人,21小时前,算法,7个月,2018-03-20 12:53:21,200-350/天
注册资本：1000万人民币,北京,公司类型：有限责任公司（自然人投资或控股）,量函（上海）投资管理有限公司,组织机构代码：MA1K364K-9,致力于为投资者量身打造特定风险偏好下的最大化收益。,https://www.shixiseng.com/com/com_ngwqkodwvy49,北京市朝阳区三元桥时间国际A座,https://sxsimg.xiaoyuanzhao.com/77/BE/77266F652F089F1EA1D17CCCB7B039BE.png,量函投资,http://www.quantfn.com,"['工作不累', '零食提供', '地段好', '行业前沿', '有牛人', '双休不打卡', '有午餐补贴', '晋升机会大', '旅游机会', '80/90多']",4天/周,量函（上海）投资管理有限公司成立于2016年1月，并取得中国证券投资基金业协会私募基金管理人资格。量函投资由华尔街资深对冲基金管理人组建，结合丰富的本土经验，在严格的基本面分析基础上，通过数学模型模拟经济运行规律，为投资者量身打造特定风险偏好下的最大化收益。       团队核心成员曾在美国顶尖对冲基金共事多年，有丰富的国家主权基金资金管理经验和全球资产配置经验。创始人作为美国某大型对冲基金中国区CEO，深耕中国本土化策略，经过长期的市场实践，构建了适合国内市场的基本面-量化投研体系和程序化风控体系。,成立日期：2016-01-11,金融,硕士,2018-12-28,,https://www.shixiseng.com/intern/inn_sebqqsl4huex,量化分析 - 机器学习AI,15-50人,23小时前,金融,4个月,2018-03-20 10:56:04,150-200/天
,上海, ,上海壹亩金融信息 服务有限公司,,“同业云”平台的开发和运营主体,https://www.shixiseng.com/com/com_uzw0igq9p4fd,上海市长宁区延安西路726号14楼G座,https://sxsimg.xiaoyuanzhao.com/A4/FA/A436BE608E0077FA6A03D0712543C3FA.png,同业云,http://www.tongyeyun.com,[],3天/周,,,互联网,硕士,2018-04-30,"['职位描述\xa0', '1. 根据项目经理或高级数据挖掘工程师要求独立完成项目的数据搜集和数据处理；', '2. 能够快速根据项目需要学习并理解行业知识，并能在项目经理或高级数据挖掘工程指导下完成部分数据分析工作；', '3. 理解数据挖掘模型及预测分析结果', '任职要求\xa0', '1. 数据挖掘或统计学专业背景，在读研究生\xa0', '2. 具有深厚的统计学、数据挖掘知识基础\xa0', '3. 熟悉并掌握R语言、Python， 熟悉脚本语言优先；', '4. 有责任感，敬业精神、团队精神与人际沟通能力；\xa0', '5. 上海本地高校实习生优先。']",https://www.shixiseng.com/intern/inn_gtldbdibjklk,机器学习实习生,15-50人,23小时前,Python,3个月,2018-03-20 10:46:06,200-250/天
注册资本：6000万元美元,北京,公司类型：有限责任公司(台港澳法人独资),北京搜狐新媒体信息技术有限公司,注册号：110000410291357,中国领先的新媒体、网络游戏、搜索及无线互联网服务公司,https://www.shixiseng.com/com/com_fncowur1ljf0,搜狐媒体大厦,https://sxsimg.xiaoyuanzhao.com/18/00/189FE4F79088563223F39B07EEF1B900.png,搜狐,http://www.sohu.com,"['500强精英', '专业领带人', '创造性', '前台漂亮', '大集团背景', '工资环境好', '团队专业']",4天/周,搜狐集团是中国领先的新媒体、网络游戏、搜索及无线互联网服务公司，拥有搜狐公司（NASDAQ: SOHU）和畅游公司（NASDAQ:CYOU）两家美国纳斯达克上市公司，是中文世界最强劲的互联网品牌。在移动互联网方面，搜狐新闻客户端是中国最大的移动媒体平台，2012年首创即时新闻+订阅模式，2014年成为首个推出“个性化”阅读功能的门户新闻客户端。,成立日期：2006-06-19,互联网,硕士,2018-03-27,,https://www.shixiseng.com/intern/inn_sogmekm76chm,后台开发实习生（机器学习、NLP）,2000人以上,24小时前,Python,6个月,2018-03-20 10:39:57,200-250/天
注册资本：1000 万元 人民币,北京,公司类型：有限责任公司(自然人投资或控股),北京闪银奇异科技有限公司,注册号：110107017096658,国内首家大数据征信公司,https://www.shixiseng.com/com/com_uq5iuzhx5ubf,10号线团结湖瑞辰国际中心1007室,https://sxsimg.xiaoyuanzhao.com/EA/87/EA5FA6DCE33B798169DB29AD9E648187.png,闪银奇异,,"['帅哥美女福利', '帅哥美女福利', '牛逼团队', '奖金多', '全面发展', '奖金多', '很好的学习成长氛围', '行业前景', '专业的平台', '年会旅游']",4天/周,"•闪银是国内最早的大数据和人工智能技术的个人征信的
Fintech
公司•17
年完成 C 轮融资，累积融资超过 1 亿美金 •唯一一家连续四年获得全球 Fintech 50 强的企业•“高盛最想买的 50 家公司”榜上有名•通过科技创新连接金融机构，服务各类生活场景，让每个人的生活更好一点点 •通过对用户电商交易数据、社交行为数据、运营商、教育数据等海量数据的获取、建模，实现秒级信用评估，结果用于现金贷款、消费金融、租房、旅行等生活服务当中。有信用就有明天！！•2013
年，微博“哭穷大赛”换来的
10W 个种子用户；•2014
年，安卓版闪银上线•2014
年中旬，首席数据官唐学伟搭建数字模型团队，闪银实现了纯线上审核•2014
年 11 月，iOS 端发布，获客爆炸，“每秒一个用户”•2015
年上半年，线下场景分期带来新一轮的爆发；•2015
年底，与世界银行布局普惠金融，瞄准农业场景发力；•2016
年 3 月，出海东南亚、南美•2016
年 9 月，小额信贷合伙人的加入，带来又一轮的爆发增长；•2017
年 4 月，闪银完成
C 轮融资，招商局、IDG、SIG、光远资本重金押注；•2017
年上半年，已实现月盈收
1 亿，从人民币到美元向着更高增长、更多场景进发；•2017 年，布局下一代 GPU
从软件到芯片，全方位布局人工智能产业​",成立日期：2014-04-23,"计算机/互联网,金融",本科,2018-04-02,"['闪银奇异是一家北大校友创立的全球控股的科技驱动公司，致力于用科技改变传统行业。闪银', 'Wecash', '成立于', '2014', '年初，是中国第一家基于大数据和人工智能互联网信用评估公司。其开发的', 'Wecash', '闪银奇异是目前国内最先进的大数据信用评估平台，依托大数据挖掘分析、机器学习技术和', 'AI', '技术，实现快速精准的信用评估。近两年来，闪银积极布局海外市场，业务拓展至东南亚和南美等地区，为全球金融机构搭建信用支持体系。截至', '2018', '年', '1', '月，闪银已拥有超过', '1.3', '亿用户量，信用评估体系的数据调用次数累计达数亿次，为超过', '50', '家金融机构提供解决方案，业务拓展至印尼、新加坡、巴西、美国等东南亚和美洲市场。', '岗位职责：', '1. ', '维护和改进闪银数据的文本挖掘的算法及应用；', '2. ', '文本挖掘与语义分析在互联网平台上的应用；', '3. ', '开发多种个性化的推荐算法（主要应用在商品推荐上）', '4. ', '跟踪互联网领域最新的自然语言处理，及文本挖掘算法的进展和发展趋势', '\xa0', '任职要求：', '1. ', '计算机，机器学习，模式识别等相关专业，本科学历，硕士及以上优先。', '2. ', '扎实的理论基础，熟悉常用的机器学习相关算法。', '3. ', '熟练掌握一门或多门编程语言，', 'python', '语言优先。', '4. ', '熟悉', 'NLP', '领域当前热点，对', 'NLP', '有着完整的系统的认识。', '5. ', '熟悉常用的中文分词，以及文本挖掘算法。', '6. ', '良好的沟通能力，较强的独立工作能力和解决问题的能力。', '有简历 2 天之内必回复']",https://www.shixiseng.com/intern/inn_eompzthyezcs,机器学习工程师,150-500人,24小时前,数据挖掘,3个月,2018-03-20 10:38:22,200-400/天
注册资本：5000万元,上海,公司类型：非上市股份有限公司,深圳前海征信中心股份有限公司,注册号：440301107741767,第三方征信公司、平安集团成员,https://www.shixiseng.com/com/com_8uppxn7t0h1j,徐汇区凯滨路平安大厦,https://sxsimg.xiaoyuanzhao.com/59/1F/5943B7866A93D393FC9687FD50D1E71F.png,前海征信,,"['相信我们！', '每周3天', '发展']",3天/周,"深圳前海征信中心股份有限公司是世界500强企业——中国平安保险（集团）股份有限公司旗下全资子公司，于2013年8月在深圳前海深港合作区注册成立，公司股东为深圳平安金融科技咨询有限公司和深圳市平安置业投资有限公司。
2015年1月5日我们首批获得人民银行批准开始个人征信业务准备工作，正式进入开业筹备阶段。",成立日期：2013-08-08,计算机/互联网,不限,2018-06-19,"['【职位要求】：', '人工智能', '模式识别', '计算机', '电子信息', '应用数学等相关专业硕士及以上学历。', '2.\xa0\xa0\xa0\xa0\xa0\r\n实习期为三个月以上，每周至少出勤', '天，能长期实习者优先，表现优异者可转正。', '3.\xa0\xa0\xa0\xa0\xa0\r\n熟悉各种图像处理和模式识别算法，在', '领域有深入的了解，熟悉深度学习与', '算法。', '4.\xa0\xa0\xa0\xa0\xa0\r\n有', '研发、场景文本检测', '分割', '识别，模式识别等项目经历者优先考虑。', '【实习内容】：', '1.\xa0\xa0\xa0\r\n负责', '（光学字符识别）文献调研、算法研究与技术产品开发；；', '\xa0提高', '识别引擎性能，能够处理大量图片；']",https://www.shixiseng.com/intern/inn_uav37a4bydsa,机器学习/ OCR实习生,150-500人,24小时前,软件,4个月,2018-03-20 10:30:26,200-300/天
注册资本：350 万美元,杭州,公司类型：有限责任公司（外国法人独资）,虹软（杭州）科技有限公司,注册号：330100400005014,全球领先的专业移动多媒体技术公司,https://www.shixiseng.com/com/com_pgmflzzza2xz,上海市延安中路841号,https://sxsimg.xiaoyuanzhao.com/company_logo/2015-31/8460GZIeFamb7Sh.jpg,虹软,http://www.arcsoft.com,[],4天/周,"虹软公司(ArcSoft)是全球领先的专业移动多媒体技术公司，其技术和产品目前已被全球15亿用户使用。主要从事多媒体云计算、云存储、云服务的核心技术和前沿产品研究及开发；其核心为多媒体大数据的深度学习、分析以及计算机视觉方向的研发，主要客户为领域全球TOP5的公司。
虹软公司1994年创建于美国加利福尼亚硅谷，在欧洲、东京、首尔、台北、上海、杭州、南京都设有区域性的商业与研发基地，在中国拥有近千名员工，以优秀的博士、硕士为主，其中90%以上为科研工作者及工程师。
现今的我们生活在一个功能强大的移动互联网世界，涌动着海量的多媒体大数据，虹软公司在21年多媒体技术持续研发和技术积累的基础上，正一如既往地持续创新世界领先的移动和互联网多媒体技术，力争为全球用户带来优秀的体验和真正的价值。",成立日期：1998-08-25,软件,硕士,2018-12-31,"['岗位职责：机器学习算法研究。', ' \xa0\xa0', ' 岗位要求:', ' 1、硕士及以上学历，图像处理、机器学习、模式识别等相关专业；2019届毕业生， 能够提前实习者优先考虑。', ' 2、熟悉C/C++， python，熟悉至少一种深度学习框架（pytorch/mxnet/tensorflow/caffe/caffe2）；', ' 3、熟悉CNN/RNN/LSTM的优先；', ' 4、有物体检测、识别、分割等相关项目经验者优先；', ' 5、工作认真负责，学习能力较强，有熟练的英文文献资料阅读能力，能快速重现论文中的算法；', ' 6、有良好的团队协作能力，能够独立思考，善于创新，针对问题提出有效解决方案。', ' \xa0\xa0', ' 工作地点：上海 能一周保证出勤4天优先']",https://www.shixiseng.com/intern/inn_daucsxbbd69s,机器学习算法实习生（2019届）,150-500人,24小时前,算法,7个月,2018-03-20 10:25:53,250-300/天
注册资本：350 万美元,杭州,公司类型：有限责任公司（外国法人独资）,虹软（杭州）科技有限公司,注册号：330100400005014,全球领先的专业移动多媒体技术公司,https://www.shixiseng.com/com/com_pgmflzzza2xz,杭州市西湖区西斗门路3号天堂软件园,https://sxsimg.xiaoyuanzhao.com/company_logo/2015-31/8460GZIeFamb7Sh.jpg,虹软,http://www.arcsoft.com,[],4天/周,"虹软公司(ArcSoft)是全球领先的专业移动多媒体技术公司，其技术和产品目前已被全球15亿用户使用。主要从事多媒体云计算、云存储、云服务的核心技术和前沿产品研究及开发；其核心为多媒体大数据的深度学习、分析以及计算机视觉方向的研发，主要客户为领域全球TOP5的公司。
虹软公司1994年创建于美国加利福尼亚硅谷，在欧洲、东京、首尔、台北、上海、杭州、南京都设有区域性的商业与研发基地，在中国拥有近千名员工，以优秀的博士、硕士为主，其中90%以上为科研工作者及工程师。
现今的我们生活在一个功能强大的移动互联网世界，涌动着海量的多媒体大数据，虹软公司在21年多媒体技术持续研发和技术积累的基础上，正一如既往地持续创新世界领先的移动和互联网多媒体技术，力争为全球用户带来优秀的体验和真正的价值。",成立日期：1998-08-25,软件,硕士,2018-12-31,,https://www.shixiseng.com/intern/inn_gppxoxkdhjaj,机器学习算法实习生,150-500人,24小时前,算法,8个月,2018-03-20 10:21:30,200-300/天
注册资本：350 万美元,杭州,公司类型：有限责任公司（外国法人独资）,虹软（杭州）科技有限公司,注册号：330100400005014,全球领先的专业移动多媒体技术公司,https://www.shixiseng.com/com/com_pgmflzzza2xz,南京市雨花区花神大道17号华博智慧园 (软件大道地铁口附近),https://sxsimg.xiaoyuanzhao.com/company_logo/2015-31/8460GZIeFamb7Sh.jpg,虹软,http://www.arcsoft.com,[],3天/周,"虹软公司(ArcSoft)是全球领先的专业移动多媒体技术公司，其技术和产品目前已被全球15亿用户使用。主要从事多媒体云计算、云存储、云服务的核心技术和前沿产品研究及开发；其核心为多媒体大数据的深度学习、分析以及计算机视觉方向的研发，主要客户为领域全球TOP5的公司。
虹软公司1994年创建于美国加利福尼亚硅谷，在欧洲、东京、首尔、台北、上海、杭州、南京都设有区域性的商业与研发基地，在中国拥有近千名员工，以优秀的博士、硕士为主，其中90%以上为科研工作者及工程师。
现今的我们生活在一个功能强大的移动互联网世界，涌动着海量的多媒体大数据，虹软公司在21年多媒体技术持续研发和技术积累的基础上，正一如既往地持续创新世界领先的移动和互联网多媒体技术，力争为全球用户带来优秀的体验和真正的价值。",成立日期：1998-08-25,软件,不限,2018-03-29,"['工作职责：', '机器学习研究前期素材准备；', '根据项目需求和产品要求采集真实图片；', '修改及编写', '脚本，建模产生虚拟样本。', '任职要求：', '理工类大三、大四，具备有一定', '或', '代码基础；', '具有较强的执行力和动手能力；', '能熟练操作', '系统；', '每周至少保证', '天的出勤，至少可持续', '个月。']",https://www.shixiseng.com/intern/inn_fhp6pcs46ksz,机器学习样本采集实习生,150-500人,24小时前,软件,3个月,2018-03-20 10:20:21,100-120/天
注册资本：141.5303万元人民币,北京,公司类型：有限责任公司(自然人投资或控股),北京医拍智能科技有限公司,注册号：110108018552809,专注于 “机器视觉+医疗”的人工智能科技中国公司拍医拍,https://www.shixiseng.com/com/com_u6gmya4r9skr,北京市朝阳区大屯里317号金泉时代广场1单元1211室,https://sxsimg.xiaoyuanzhao.com/D9/A3/D95182D91EE5158BAC3EBFA241C75FA3.png,医拍智能,http://www.medp.ai/,"['五险一金绩效', '地铁旁边', '团队优秀', '时间自由', '有中午饭']",5天/周,专注于 “机器视觉+医疗”的人工智能科技中国公司拍医拍，深耕医疗影像、医疗单据数据信息识别和理解，在大数据和深度学习方面具备领先经验和积累，是目前全球在人工智能辅助诊断方向中拥有重要核心竞争力的AI科技类公司。拍医拍公司目前已经积累了亿级医疗数据的处理经验，具备行业领先优势。作为人工智能在特定领域应用的实力先锋，目前已拥有40余项国家专利等关键技术产权，分别在医疗影像数据挖掘、全医疗单据品类的OCR(optical character recognition)汉字识别方面。医疗影像方面，可通过智能输入DR、CT、MRI、病理切片、眼底照片等医学影像信息，对各类医学影像检测项目进行高精度、高召回率影像判断，同时还克服了传统计算机辅助诊断中的假阳率问题，降低了患者疾病误诊率。拍医拍公司还拥有全国领先医疗行业方案与整体经营拓展能力，实现了AI与医疗机构的深度跨界合作。技术团队期望运用机器学习技术和先进的统计分析，机器通过对数据的深度学习，能力得到迅速提高和突破，从而进一步获得医学及健康领域有效数据，实现对专业医疗机构的各类场景化应用服务。2017年4月，“拍医拍医学智能研究院” 正式成立，与美国顶级医疗影像AI科技公司达成战略合作，助推人工智能辅助诊断方面的应用技术转化成为了重要的市场价值。2016年，拍医拍公司在多项医疗科技服务细分领域的行业第一，荣获中关村高新和国家高新双高企业称号，成为医疗创新科技的标杆企业。2015-2016年，获得权威媒体《中国企业家》杂志社、搜狐网、凤凰网等一类媒体多维度的深度报道，并连续获得由知名医疗、技术类垂直媒体评选的最值得关注、最具成长力医疗创新公司等称号。资本层面，年轻的拍医拍公司深得知名风投青睐，获得全球知名投资机构美国红点创投、具有医疗背景的重山远志健康医疗基金、慈铭体检韩小红、亿联资本、洪泰基金等机构投资。,成立日期：2015-01-27,计算机/互联网,硕士,2018-03-30,"['职位描述：', '\xa0', '1、进行机器学习算法研究；', '2、优化机器学习引擎；', '3、负责相关算法的核心代码实现或移植 ；', '\xa0', '职位要求：', '\xa0', '1、对算法研究拥有极大的热忱，并具备一定的机器学习算法的基础；', '2、热爱编程。熟悉', '；熟悉', '编程、脚本语言编程、', '、或分布式计算者优先；', '3、善于快速学习，拥有开放的心态。']",https://www.shixiseng.com/intern/inn_a4thoj1g9tsq,机器学习算法实习生,50-150人,24小时前,算法,13个月,2018-03-20 09:55:03,150-300/天
注册资本：无,北京,公司类型：无,中国科学院计算技术研究所,注册号：无,中国第一个专门从事计算机科学技术综合性研究的学术机构,https://www.shixiseng.com/com/com_jwsbxr7xqt3b,北京市海淀区北清路中关村环保科技园,https://sxsimg.xiaoyuanzhao.com/DF/5A/DF3D1BB794AD5624D0FCA2995CC07D5A.jpg,中科院计算所,http://ncic.ac.cn/,"['产业研究', '平台高', '工作氛围好', '试用期全薪', '双休', '签客座协议提供住宿']",3天/周,,成立日期：无,计算机/互联网,硕士,2018-06-29,,https://www.shixiseng.com/intern/inn_vj0oyp7xbpnr,计算机视觉机器学习算法研发（2019硕）,2000人以上,25小时前,算法,6个月,2018-03-20 09:31:20,80-160/天
注册资本：600万美元,上海,公司类型：有限责任公司(台港澳法人独资),盛趣信息技术（上海）有限公司,组织机构代码：74651259-8,中国领先的网络游戏开发商、运营商和发行商,https://www.shixiseng.com/com/com_kngg5j5u6vpt,上海市浦东新区海趣路58号海趣园1号楼,https://sxsimg.xiaoyuanzhao.com/AA/42/AAD067DFD68A6B299226FFDB70BAB042.png,盛大游戏,http://www.sdo.com,[],4天/周,盛大游戏是中国领先的网络游戏[1]  开发商、运营商和发行商，致力于打造中国乃至全球领先的网络游戏平台连续多年赢得金翎奖、金凤凰奖等重量级行业奖项。盛大游戏包括大型多人在线角色扮演游戏（MMORPG）、高级休闲游戏、网页游戏、社交游戏和移动互联网游戏等70多款差异化游戏产品。,成立日期：2003-01-21,计算机/互联网,本科,2018-04-02,"['工作职责：\xa0', '1，根据公司数据业务需求，参与基于数据挖掘的解决方案的设计与实施；\xa0', '2，负责数据清洗、数据探查；\xa0', '3，能够使用python、R、SQL等语言或工具，参与算法或模型的设计与开发。\xa0', '4，参与用户画像建设\xa0', '任职资格：\xa0', '岗位要求：\xa0', '1、研究生及以上学历，本科阶段数学（数据挖掘、机器学习）相关专业(必须)\xa0\r\n', '2、具有深厚的数学知识基础，熟悉数据挖掘常用算法，有项目经验优先录用\xa0', '3、诚恳、踏实，对技术和工作充满热情\xa0', '4、具备良好的逻辑分析能力，善于沟通和表达\xa0', '其他：', '1、工作地点：上海市浦东新区\xa0', '2、实习时间至少6个月及以上，每周至少4天及以上，实习时间较长者优先录用；']",https://www.shixiseng.com/intern/inn_t0nzfdi6nvpc,数据挖掘（机器学习）实习生-数据中心,500-2000人,40小时前,数据挖掘,6个月,2018-03-19 17:51:40,100-130/天
注册资本：1000 万元 人民币,北京,公司类型：有限责任公司(自然人投资或控股),北京闪银奇异科技有限公司,注册号：110107017096658,国内首家大数据征信公司,https://www.shixiseng.com/com/com_uq5iuzhx5ubf,北京市朝阳区农展馆南路13号瑞辰国际中心8层818室,https://sxsimg.xiaoyuanzhao.com/EA/87/EA5FA6DCE33B798169DB29AD9E648187.png,闪银奇异,,"['帅哥美女福利', '帅哥美女福利', '牛逼团队', '奖金多', '全面发展', '奖金多', '很好的学习成长氛围', '行业前景', '专业的平台', '年会旅游']",4天/周,"•闪银是国内最早的大数据和人工智能技术的个人征信的
Fintech
公司•17
年完成 C 轮融资，累积融资超过 1 亿美金 •唯一一家连续四年获得全球 Fintech 50 强的企业•“高盛最想买的 50 家公司”榜上有名•通过科技创新连接金融机构，服务各类生活场景，让每个人的生活更好一点点 •通过对用户电商交易数据、社交行为数据、运营商、教育数据等海量数据的获取、建模，实现秒级信用评估，结果用于现金贷款、消费金融、租房、旅行等生活服务当中。有信用就有明天！！•2013
年，微博“哭穷大赛”换来的
10W 个种子用户；•2014
年，安卓版闪银上线•2014
年中旬，首席数据官唐学伟搭建数字模型团队，闪银实现了纯线上审核•2014
年 11 月，iOS 端发布，获客爆炸，“每秒一个用户”•2015
年上半年，线下场景分期带来新一轮的爆发；•2015
年底，与世界银行布局普惠金融，瞄准农业场景发力；•2016
年 3 月，出海东南亚、南美•2016
年 9 月，小额信贷合伙人的加入，带来又一轮的爆发增长；•2017
年 4 月，闪银完成
C 轮融资，招商局、IDG、SIG、光远资本重金押注；•2017
年上半年，已实现月盈收
1 亿，从人民币到美元向着更高增长、更多场景进发；•2017 年，布局下一代 GPU
从软件到芯片，全方位布局人工智能产业​",成立日期：2014-04-23,"计算机/互联网,金融",本科,2018-04-02,"['岗位描述', '闪银纳米风控部门致力于金融风控体系的设计和优化，从打击欺诈用户、预测逾期概率、最大化利润策略等一体化的提高金融收益。', '我们的具体职责包括但不限于：', '1、运用机器学习算法识别用户欺诈行为，打击欺诈群体', '2、建立用户的借贷逾期模型，预测逾期概率，并制定策略来提高收益', '3、对机器学习算法进行research，提高风控模型的效果', '4、根据用户授权的各类信息设计特征，提高风控模型的效果', '岗位要求', '1、本科及以上学历，硕士博士优先，计算机、数学、通信等相关专业，概率论、线性代数等基础数学知识要掌握良好', '2、熟悉常用机器学习算法，比如LR，SVM，EM，Boosting以及learning Theory', '3、熟悉常用最优化算法，比如Gradient Descent,SGD,LBFGS等', '4、熟悉Linux操作系统，熟悉C++及Python开发', '5、有参加过kaggle比赛并取得优异成绩者优先\xa0', '6、熟悉CNN，RNN，强化学习的优先']",https://www.shixiseng.com/intern/inn_jwvecb58zhje,机器学习工程师,150-500人,42小时前,数据挖掘,3个月,2018-03-19 16:20:24,300-500/天
注册资本：37500万美元,北京,公司类型：有限责任公司(台港澳法人独资),淘宝（中国）软件有限公司,注册号：330100400015044,淘宝网是亚太地区较大的网络零售、商圈,https://www.shixiseng.com/com/com_jo8lboexkdrz,"杭州,北京",https://sxsimg.xiaoyuanzhao.com/FB/BC/FBDB6AC639BCC07C1B7FEFDC2E6D91BC.png,淘宝,http://www.taobao.com,"['加班补助', '团队建设活动', '历史', '制度完善', '能够学到许多东西', '大学生实习']",5天/周,阿里巴巴集团经营多项业务，另外也从关联公司的业务和服务中取得经营商业生态系统上的支援。业务和关联公司的业务包括：淘宝网、天猫、聚划算、全球速卖通、阿里巴巴国际交易市场、1688、阿里妈妈、阿里云、蚂蚁金服、菜鸟网络等,成立日期：2004-12-07,计算机/互联网,硕士,2018-04-12,"['我们是阿里巴巴业务平台事业部下属的数据服务团队，部门所属阿里电商大中台，坐拥商品、交易、会员、店铺、推荐、营销、数据等多个核心业务平台的数据，在阿里电商体系形成真正的大闭环进程中承担着不可或缺的核心地位。通过打造智能化的核心商业服务能力，驱动全球化，新零售等集团战略的快速推进与落地。', '如果你是人工智能大数据的新星，在我们团队，你可以利用阿里数十亿商品信息，千万卖家信息，国家标准化信息，百科数据，UGC数据去解决各种商业问题，参与构建阿里商品知识图谱。如果你是一个技术极客，对知识图谱，深度学习，NLP等算法技术有强烈兴趣，在我们团队，你有机会与业界顶尖专家一起专研最新技术的进展，参与国内外顶尖高校的合作项目及学术顶会。如果你对技术商业化有极强的敏感性，在我们团队，你有机会将技术应用在最前沿及最广泛的业务领域，包括无线个性化、盒马鲜生、智能问答、eWTP等，改变人们的生活工作方式。', '我们是一个年轻高颜值的人工智能算法专家团队，25%博士，90%硕士，25%有海外留学经历。团队成立5年，一直专注在同一个领域深耕发展，在AAAI2018/IJCAI2018/WWW2017上都有我们的踪迹。如果你是在2019年度毕业生，我们有成功的经验帮助你在阿里落地成长。', '在我们团队，天空才是你的极限，希望聪明皮实乐观自省会玩的你加入。', '岗位名称:', '业务平台事业部 - 算法工程师/算法专家', '岗位要求:', '1. 硕士/博士学历，2019年毕业，计算机科学、数学、统计等相关专业。', '2. 在机器学习、文本挖掘等人工智能领域有工程经验， 擅于跟踪和学习最前沿的学术界和工业界的人工智能技术。发表过人工智能国际顶级会议/期刊论文或有大规模商用产品转化经验者优先。', '3. 扎实的编程基础，精通至少一门编程语言，并且有一定的拥有海量数据处理经验。']",https://www.shixiseng.com/intern/inn_qnqlk91bsebh,【阿里巴巴】机器学习&NLP算法工程师/算法专家,2000人以上,42小时前,算法,4个月,2018-03-19 16:08:36,200-201/天
注册资本：3000 万元 人民币,北京,公司类型：有限责任公司(自然人投资或控股),锋创科技发展（北京）有限公司,注册号：110302010979225,一家集区域规划、投资顾问、开发建设、地产金融及物业管控于一体的房地产综合服务集团企业,https://www.shixiseng.com/com/com_s5kk09w0afnm,北京市海淀区西北旺东路10号院东区1号楼301室,https://sxsimg.xiaoyuanzhao.com/6F/C3/6FE0042285CF13582BFF055643D42CC3.png,锋创科技,http://www.vparkbeijing.com,"['实习留任', '工资福利棒棒', '六险一金', '员工宿舍', '工作居住证', '北京市户口', '中德合资', '牛人团队', '优秀实习环境']",3天/周,锋创科技发展（北京）有限公司起步于1995年，总部设于北京，历经二十余年锐意创新与转型发展，已经由一家综合性房地产专业服务机构蜕变为一家集投资顾问、开发建设、地产金融、物业管理、人工智能于一体的综合集团企业。,成立日期：2008-04-23,建筑房产,硕士,2018-05-18,"['旗下人工智能公司招聘', '机器学习实习生', '岗位职责： ', '抽取公告及新闻中的金融事件', '分析特定种类事件对于上市公司股价的影响', '分析特定种类事件之间的关联和传导过程', '能够保证一定的实习时间，一周', '天以上，持续时间不短于', '个月', '职位要求： ', '学校计算机或数学等相关专业硕士及以上，具有机器学习领域的工作或研究经验', '精通', '、', '等机器学习框架', '有金融相关知识和背景者优先', '熟悉', '、', '、', '等自然语言处理工具者优先', '熟悉', '等搜索工具者优先', '目前在北京，外地的不考虑', '智豹公司：金融科技', '，基于人工智能的金融信息服务公司']",https://www.shixiseng.com/intern/inn_sjgzmbqberrc,机器学习实习生,150-500人,44小时前,算法,3个月,2018-03-19 14:03:33,100-200/天
注册资本：256.6742万元人民币,北京,公司类型：其他有限责任公司,北京尚德在线教育科技有限公司,注册号：110107016332819,最大的职业教育培训机构之一,https://www.shixiseng.com/com/com_8z0boajulkys,朝阳区来广营中街甲1号朝来高科技产业园创远路36号院4、5、6号楼,https://sxsimg.xiaoyuanzhao.com/BE/1C/BE84CC5CCF3AC65F1890F102E51D261C.png,尚德机构,http://www.sunlands.com,[],5天/周,尚德机构企业介绍    尚德机构成立于2003年，距离传说中的百年老店只剩85年。经过这15年的发展，我们虽然没有名震四海八荒，但却成为了国内自考考前辅导和职业培训领跑者之一。拥有员工4000多人，我们的员工虽然不能绕地球一圈，但排成排也可以横扫整个北京城了！我们的业务已经覆盖全国多个城市，大到北上广深，小到祖国四、五线城市甚至偏远乡村。我们的学员更是遍布祖国大江南北，只要想学习，尚德机构都能提供课程，因为我们是领先的互联网教育大军中的一员。在我们11岁的时候，也就是2014年的6月，曾进行过一次彻底的转型，即从国内传统面授培训成功转型为互联网培训，这次转型不仅成为行业典范，还建立了职业培训在线直播平台。目前，我们标准化的课程体系，已经成为职业培训领域的模板。    我们的业务范围可以说覆盖了职场人士成长晋升的多个方面，包含职业资格证书培训、自考考前辅导和IT技能培训等。其中职业资格证书培训设有人力、会计、注会、教师资格证等； IT培训包括PS/UI/UID设计、三维造型、动画表演等；另外，还有自考考前辅导等。企业荣誉因为我们是一家教育培训机构，所以错过了拿奥斯卡大奖的机会。但在15年兢兢业业的教育教学中，我们获得了学员的高度认可，还得到了行业里的诸多嘉奖。例如：“年度影响力在线教育品牌”、“最受信赖职业教育品牌”、“广受学员好评职业教育机构”、“中国在线教育十强”、“最具影响力职业教育品牌”、“最具学员满意度在线教育品牌”、“最具社会满意度职业培训机构”、“中国十大职业资格培训机构”学习是一种信仰，尚德机构，为点亮学员而存在。,成立日期：2013-09-27,教育培训,本科,2018-05-31,"['岗位职责：', '1. 研究用户的属性和行为，构建特征、模型，预测用户下一步的行为；', '2. 参与移动', '内容推荐，为用户个性化地推送内容；', '任职要求：', '1. 计算机及相关专业本科或以上学历；', '2. 熟悉数据挖掘、机器学习理论（聚类、回归、决策树、', '、', '、协同过滤等），并具备实践经验；', '3. 熟悉', '操作系统和常用命令', '熟练使用', '或其他脚本语言；', '4. 熟练使用一门常用开发语言，如', '；', '5. 有推荐、广告点击率预估、语音识别或者其他机器学习方面工作经验；', '6. 对数据敏感，对使用机器学习解决工业问题有热情。']",https://www.shixiseng.com/intern/inn_r8hycsaehlkq,机器学习/数据挖掘研发工程师,2000人以上,44小时前,数据挖掘,10个月,2018-03-19 13:55:48,150-300/天
注册资本：20000万人民币,上海,公司类型：有限责任公司（自然人投资或控股）,上海点荣金融信息服务有限责任公司,组织机构代码：06254763-4,点融网是由渣打直接投资有限公司和老虎基金投资的互联网金融公司,https://www.shixiseng.com/com/com_lxyesgmu9wus,黄浦区局门路,https://sxsimg.xiaoyuanzhao.com/B9/DB/B9F3E7ED069F49DA90BB64AE29A49EDB.png,点融网,http://www.dianrong.com/,"['美女帅哥', '福利体系完善']",4天/周,点融网由纽交所上市公司Lending Club联合创始人苏海德先生（Soul Htite）与资深金融法律师郭宇航创办，公司致力于使用先进互联网技术和金融创新使投资与借贷更透明、更高效。2015年8月，点融网完成C轮融资，2.07亿美元创下业界记录。我们是一个充满激情和梦想的团队，吸引了来自金融及信息科技领域的顶尖人才。我们的理念是勇于拼搏，不断创新；我们的目标是在潜力巨大的互联网金融领域成为行业的领袖。在公司迅速扩张的时期，我们需要优秀的人才加入我们的团队。如果你有开拓精神并渴望迎接新的挑战，请加入我们，您可以获得宝贵的在创新前沿的工作经历；加入我们，您将拥有一个光明的未来。,成立日期：2013-02-17,"计算机/互联网,金融",硕士,2018-09-30,,https://www.shixiseng.com/intern/inn_qcynycohlori,数据挖掘/机器学习实习生-SH2921,2000人以上,45小时前,数据挖掘,10个月,2018-03-19 13:39:05,235-236/天
注册资本：3000 万元 美元,北京,公司类型：有限责任公司(台港澳法人独资),网之易信息技术（北京）有限公司,注册号：110000410141376,中国领先的互联网技术公司,https://www.shixiseng.com/com/com_2b9kuskmtjri,北京市海淀区西北旺东路十号院中关村软件园二期西区七号网易研发中心,https://sxsimg.xiaoyuanzhao.com/81/2C/811D40A22992731C00ADBD166EAFD12C.png,网易,http://www.163.com/,"['大牛带', '学到东西', '见明星', '大平台', '免费食堂', '工作环境优美']",5天/周,"网易是中国领先的互联网技术公司,为用户提供免费邮箱、游戏、搜索引擎服务,开设新闻、娱乐、体育等30多个内容频道及视频等互动交流,网聚人的力量。",成立日期：1999-08-30,互联网,硕士,2018-04-02,,https://www.shixiseng.com/intern/inn_4lsmfwdlzdw6,机器学习/自然语言处理算法工程师,2000人以上,45小时前,算法,6个月,2018-03-19 13:28:45,150-200/天
注册资本：500万元人民币,上海,公司类型：有限责任公司,星逻智能科技（苏州）有限公司,统一社会信用代码：91320594MA1PXP173G,专注无人机数据采集分析服务，提供自动充电、自动调度、自动采集、自动分析一站式解决方案,https://www.shixiseng.com/com/com_ycp7djsvzv1c,"上海张江盛大源创谷,临港海洋科技创业园，苏州市工业园区星湖街328号",https://sxsimg.xiaoyuanzhao.com/3C/E4/3CBA991EDD32DD37C1458A7567FA5DE4.png,星逻智能,http://www.skysys.cn,"['无人机 SLAM', '包吃']",4天/周,星逻智能专注于无人机赋能系统，即为无人机提供自动起降、飞行、调度、充电与数据采集的整套中间层软硬件，使无人机巡检能真正成为无人值守的闭环系统，大大拓展了无人机的应用场景并降低了终端用户的使用成本。星逻智能模块化充电机库兼容多种无人机自动起降、高速充电，可作为固定设施或车载设备；基于单目及移动端软件的视觉算法保证了系统移植的普适性；即插即用的设备舱，采用通用开放架构，适配多种主流传感器。公司在上海张江，杨浦，苏州园区均设有研发基地；在上海青浦设有无人机测试场。,成立日期：2017-07-19,计算机/互联网,硕士,2018-03-27,['岗位职责：'],https://www.shixiseng.com/intern/inn_wmemdvrub8xc,无人机机器学习开发工程师,50-150人,45小时前,算法,5个月,2018-03-19 12:59:03,320-400/天
注册资本：20 万元 美元,北京,公司类型：有限责任公司(台港澳与境内合资),网易有道信息技术（北京）有限公司,注册号：110000410284228,有道是网易旗下利用大数据技术提供移动互联网应用的子公司。,https://www.shixiseng.com/com/com_a3zd13corkxd,北京市海淀区西北旺中关村软件园2期网易北京研发中心,https://sxsimg.xiaoyuanzhao.com/3D/31/3DFFD4ED4083B7B51971DC8210DEAD31.png,网易有道,http://www.youdao.com,"['免费班车', '轻松活跃', '领导逗比', '研发', '行业经验丰富', '有创意', '员工食堂']",4天/周,"有道是网易旗下利用大数据技术提供移动互联网应用的子公司。目前网易有道公司已推出有道词典、有道云笔记、惠惠网等用户产品，及有道易投、有道智选等商业产品。


网易有道以搜索产品和技术为起点，在大规模数据存储计算等领域具有深厚的技术积累，并在此基础上衍生出语言翻译应用与服务、个人云应用和电子商务导购服务等三个核心业务方向。


                                                                                  伴随互联网在国内的蓬勃发展，中文网民仍有许多新兴的需求和应用，有道试图架设一条道路，以缩短问题与答案之间的距离，并期望通过科技的力量，让用户的网络生活更加便利与美好。网易有道依托网易强大的产品服务平台和丰富的资源优势，吸纳了众多优秀的创新人才，现在已有500多位国内外高校的精英，并正在高速发展中。",成立日期：2006-03-21,移动互联网,不限,2018-03-31,,https://www.shixiseng.com/intern/inn_9qjhytoqejbw,机器学习算法实习生,500-2000人,46小时前,算法,6个月,2018-03-19 12:19:30,200-250/天
注册资本：5000万人民币,南京,公司类型：有限责任公司(法人独资),小黑鱼科技有限公司,统一社会信用代码：91120116MA05PCA20H,一个朝气蓬勃的公司,https://www.shixiseng.com/com/com_vqb40o66g3pn,"南京市玄武大道699-22号江苏软件园1栋,上海",https://sxsimg.xiaoyuanzhao.com/1B/31/1B5A45420D558A71EEB295720E418631.jpg,小黑鱼科技,http://www.blackfish.cn,"['股权期权', '氛围好 成长快 收入高', '行业大咖', '奖金少不了', '高科技', '丰厚薪水', '充满挑战', '资深大佬指导', '接地气', '软件工程师']",5天/周,"
小黑鱼科技公司2017年成立于江苏南京，以“科技金融让生活更美好”为使命，以“用户至上”为核心价值观，致力于通过科技创新能力，搭建一个开放、共享的信用体系和金融服务平台，为消费者提供安全、便捷的普惠金融服务。我们的团队具有互联网企业的开放与竞争，也拥有金融机构的严谨与细致。在这里，既有80后的创业领袖与“小鲜肉”级别的技术VP，也有从业逾20年的沙场老将。我们推崇极度扁平化的管理理念，每一个人都可以发出声音。在这里，来自平安、宜信、华为、招商银行、高盛，摩根士丹利 等知名企业的高管团队引路护航；在这里，拥有名校背景的员工比例远超同业。我们相信，给员工最好的福利，就是让他与最优秀的同事们并肩作战。
途牛旅游网联合创始人，任途牛旅游网COO、总裁。掌舵途牛旅游网的十年，引领途牛旅游网创下中国在线旅游市场多个“第一”，并于2014年5月带领途牛旅游网在美国纳斯达克成功上市。作为互联网的连续创业者，在创立途牛旅游网之前，严海锋在国内知名的母婴网站育儿网担任COO，2015年育儿网在香港挂牌上市。​   前途牛旅游网CFO，历练资本市场20年，帮助途牛融资超过10亿美金，并在纳斯达克上市。在加盟途牛旅游网之前，杨嘉宏曾供职高盛（亚洲）、摩根士丹利等企业，还先后帮助航美传媒、当当网成功在美股上市，两度创造了当年度IPO最高市盈率。​前夸客金融联合创始人兼总裁，分管零售信贷、互联网理财、财富管理等业务，创立夸客前曾就职于法国巴黎银行和西班牙BBVA银行，负责中国消费金融的风险管理，之后在宜信负责消费分期、供应链金融等业务。前途牛旅游网CMO，途牛创始团队核心成员，具有非常丰富的互联网创业经历。自2006年途牛成立以来，先后带领技术研发、网站无线、市场营销等千人团队，用独到的营销战略将途牛打造成国内最具影响力的在线旅游品牌。​",成立日期：2017-03-31,金融,本科,2018-04-02,"['1、 配合风控业务部建立反欺诈规则和用户信用评估模型，参与设计和开发，并根据信贷表现结果持续调整优化模型；', '2、 通过对海量个人数据的分析和对金融数据进行深度挖掘，建立风控用户画像指标体系，分析用户行为、消费、个人家庭和资产状况等特征；', '3、 负责或参与信贷业务，金融业务中的机器学习算法研发，提升现有业务效果；', '4、运用机器学习对风控反欺诈数据进行处理和分析，发现现有系统和模型算法的不足，及时提出改进方案并推动实现；', '5、 工作内容包括但不限于：大规模分布式机器学习算法研发和应用、大规模自动特征工程框架研发与应用、负责领域知识图谱的构建、深度学习框架和模型的集成和开发；', '6、 深入研究以下一个或多个领域：统计机器学习、分布式机器学习、特征工程师、深度学习、自然语言理解。', '薪酬待遇：毕业后转正待遇20~30W/年，表现优异可获得期权激励。', '工作地点：', '1、南京市玄武区玄武大道699-22号江苏软件园一栋。（四号线徐庄总部站）', '2、上海市浦东新区鲁能国际C座']",https://www.shixiseng.com/intern/inn_nctqifblc0qn,2018校招-机器学习方向,150-500人,46小时前,软件,8个月,2018-03-19 11:51:30,200-300/天
注册资本：20000 万元 美元,其他,公司类型：有限责任公司(台港澳法人独资),北京趣拿软件科技有限公司,注册号：110000410299765,中国领先的无线和在线旅游平台,https://www.shixiseng.com/com/com_a2y4tvgklyaw,北京市东升科技园,https://sxsimg.xiaoyuanzhao.com/4B/50/4BF8DAFEDA7751CDE420E9A09E23CE50.png,去哪儿网,http://www.qunar.com,[],5天/周,去哪儿网（Qunar.com）是中国领先的无线和在线旅游平台，其网站上线于2005年5月，公司总部位于北京。去哪儿网致力于建立一个为整个旅游业价值链服务的生态系统，并通过科技来改变人们的旅行方式。去哪儿网通过其自有技术平台有效匹配旅游业的供需，满足旅游服务供应商和中国旅行者的需求。对旅游服务供应商而言，去哪儿网通过移动客户端及在线平台为其提供技术基础设施；对旅行者而言，去哪儿网通过网站及移动客户端的全平台覆盖，随时随地为其提供国内外机票、酒店、度假、旅游团购、及旅行信息的深度搜索，帮助旅行者找到性价比较高的产品、较优质的信息和便捷的预订方式，聪明地安排旅行。,成立日期：2006-10-10,"互联网,电子商务",本科,2018-04-01,,https://www.shixiseng.com/intern/inn_ffhwxwr1cqk6,机器学习工程师,2000人以上,47小时前,数据挖掘,4个月,2018-03-19 11:27:47,150-200/天
注册资本：无,北京,公司类型：无,中国科学院自动化研究所,注册号：无,我国最早成立的国立自动化研究机构,https://www.shixiseng.com/com/com_i3qflytip4mc,北京市海淀区中关村东路95号自动化大厦,https://sxsimg.xiaoyuanzhao.com/AD/49/AD799BCD85BE6967069CF34372D86549.jpg,中科院自动化所,http://www.ia.cas.cn,"['成长的好地方', '简单真诚', '成长空间好', '高速成长', '北京实习']",5天/周,中科院自动化所数字内容技术与服务研究中心依托于中科院自动化所，重点发展基于语音和视音频内容识别与理解的高端知识服务业，研究开发面向数字教育、三网融合、数字文化、医学娱乐、公共安全等领域的数字内容关键技术及服务系统，并以成为具有重要产出能力和影响力的中国数字内容技术与服务研究机构为发展目标。中心现有职工74人，其中研究员2人，副研究员12人，助理研究员14人，硕士博士研究生16人，及工程技术项目聘用人员30人，已成为一支由中青年骨干科研人员为核心，博士、硕士研究生集体参与的多层次复合型技术研发团队。中心科研方向包括多语言语音识别、口语翻译与服务、跨媒体内容智能处理、3D交互与虚拟现实等。同时研究所重大研究方向“超级计算大脑系统”也依托本中心。目前中心承担了包括“973” 国家重点基础研究发展规划项目、国家基金委重大重点项目、“863”重点项目、国家科技支撑计划项目、新闻出版重大科技工程项目等多项国家重大项目。,成立日期：无,互联网,不限,2018-03-26,"['1，对机器学习有一定了解；', '2，对自然语言处理技术感兴趣；', '3，熟悉C  /Python，有较高的编程能力；', '4，有学习热情和学习能力。', '5，熟悉TensorFlow、Theano等深度学习平台优先考虑', '对有意向和工作能力的同学，帮助推荐深造或者各大公司就业机会。']",https://www.shixiseng.com/intern/inn_u9ul4dccsbs8,机器学习算法工程师,2000人以上,47小时前,算法,3个月,2018-03-19 11:10:08,70-120/天
注册资本：1000万人民币,上海,公司类型：有限责任公司（法人独资）,驭势（上海）汽车科技有限公司,统一社会信用代码：91310114MA1GTNDN55,一家提供智能驾驶解决方案的公司,https://www.shixiseng.com/com/com_pb2iglxmdway,北京 海淀区    成府路45号中关村智造大街F座5层,https://sxsimg.xiaoyuanzhao.com/2E/2C/2E4E1B42133B8BDB7FBBCEB812A4F22C.jpg,驭势科技,http://www.uisee.com,"['智能驾驶', '无人驾驶', '人工智能', '系统优化', '自动驾驶', '深度学习', '大数据', '云计算', '物联网']",4天/周,驭势科技是一家提供智能驾驶解决方案的公司，公司希望从半自动驾驶和限定区域无人驾驶解决方案入手，由技术供应商逐步发展，最终成为领先的智能驾驶出行平台和服务提供商。公司致力于为普罗大众交付安全、舒适、低成本的自动驾驶技术、产品和服务。2016年被新智元评为最具竞争力的十家AI创业公司之一；在第二界亿欧创新奖评选中获得2016年度中国最具创新力企业称号；并被评为2016国内最值得关注的智能驾驶解决方案创业公司Top20,成立日期：2016-11-01,计算机/互联网,本科,2018-03-30,,https://www.shixiseng.com/intern/inn_awhwxgsz4erg,机器学习/深度学习算法工程师（实习生）,15-50人,47小时前,软件,3个月,2018-03-19 10:54:58,186-232/天
注册资本：100万人民币,上海,公司类型：有限责任公司（自然人投资或控股的法人独资）,上海一健事健康科技有限公司,统一社会信用代码：91310115MA1K3XYW16,科学的定制化自我健康管理平台,https://www.shixiseng.com/com/com_bcsztjluzpvi,上海市浦东新区纳贤路800号B座,https://sxsimg.xiaoyuanzhao.com/B1/B1/B1F1BFE4778C54240317BCFBC5C115B1.png,麦子健康科技,http://maizicare.com,"['极度扁平化', '工作氛围优良', '学习机会多', '可转正', '成长机会多', '实习补助', '干货实习', '团队年轻有活力']",2天/周,       麦子科技基于慢病领域，通过人工智能+医疗技术的方式，为慢病或准慢病人群患者提供专业化的慢病患者院外管理服务。              麦子科技通过移动端、智能硬件和机器人与用户进行交互，获取身体生物数据和日常饮食、运动记录，为用户提供专业的医学指导与建议，贴心的服务与陪伴帮助用户形成健康的生活习惯，从而减缓症状，降低和预防慢性病和并发症风险。       - 我们要帮助5亿慢病患者改善健康             - 我们的工作团队非常努力，一群有趣的人在一起做有意义的事             - 我们一起成长学习，并且愿意跟所有人一同分享公司的成长 薪资福利：1、月度薪资+五险一金+绩效年终奖+带薪年假+带薪病假+加班补贴+节假日红包2、员工体育活动+员工生日会+团队聚餐3、公司快速发展，大量内部岗位晋升机会4、免费班车，弹性打卡,成立日期：2017-11-16,"计算机/互联网,医药",硕士,2018-04-30,"['职责描述：', '1、协助完成人工智能开发相关资料整合与收集；', '2、协助完成人工智能开发逻辑梳理；', '3、协助完成数据挖掘、算法实现等工作。', '岗位要求：', '1、硕士及以上全日制在读学生，人工智能、计算机科学、信息科学、数据科学等专业；', '2、有志于互联网行业，对人工智能有浓厚的兴趣；', '3、有人工智能相关研究经历或实习经验优先；', '4、每周保证2天及以上出勤。']",https://www.shixiseng.com/intern/inn_mzrhaht9sek7,人工智能实习生（算法/机器学习/深度学习）,15-50人,2天前,数据挖掘,5个月,2018-03-19 10:25:16,200-300/天
注册资本：4000 万元 美元,北京,公司类型：有限责任公司(台港澳法人独资),北京搜狗科技发展有限公司,注册号：110000410281598,搜狗是中国互联网行业的创新标杆性企业，是中国用户规模第四大互联网公司。,https://www.shixiseng.com/com/com_2atx1z5ay66t,北京市海淀区中关村东路1号院，搜狐网络大厦,https://sxsimg.xiaoyuanzhao.com/A0/70/A003A27F68874AF7D13FA263318CFB70.jpg,搜狗,http://www.sogou.com,[],4天/周,搜狗是搜狐公司的旗下子公司，于2004年8月3日推出，目的是增强搜狐网的搜索技能，主要经营搜狐公司的搜索业务。在搜索业务的同时，也推出搜狗输入法、搜狗高速浏览器。2010年8月9日搜狐与阿里巴巴宣布将分拆搜狗成立独立公司，引入战略投资，注资后的搜狗有望成为仅次于百度的中文搜索工具。,成立日期：2006-02-08,互联网,本科,2018-04-02,"['工作职责：', '\xa0\xa0\xa0\xa0\xa0\xa0\xa0\r\n基于机器学习的量化投资分析（基金方向）', '\xa0\xa0\xa0\xa0\xa0\xa0\xa0\r\n基于多维度数据的特征挖掘，分析；', '\xa0\xa0\xa0\xa0\xa0\xa0\xa0\r\n特征提取，算法验证', '\xa0\xa0\xa0\xa0\xa0\xa0\xa0\r\n数据获取，清洗', '任职要求：', '、 硕士及以上学历，计算机、统计学、数学、金融学相关专业', '、 熟悉量化投资基本概念与策略分析。', '、 熟悉', '，', '，', '。', '、 熟练使用', '或', '或', '语言之一。', '符合以下条件一条或多条优先考虑：', '\xa0\xa0\xa0\xa0\xa0\xa0\xa0\r\n熟悉', '\xa0\xa0\xa0\xa0\xa0\xa0\xa0\r\n在', '，天池，或国内外其他公开竞赛中取得', '以上排名。', '\xa0\xa0\xa0\xa0\xa0\xa0\xa0\r\n有个人技术博客或在各技术社区活跃', '\xa0\xa0\xa0\xa0\xa0\xa0\xa0\r\n有数据建模分析经验。']",https://www.shixiseng.com/intern/inn_7nlbxn5jzfw2,机器学习（量化投资）算法实习生,2000人以上,2天前,算法,4个月,2018-03-19 10:24:47,160-200/天
注册资本：无,北京,公司类型：分公司,德勤管理咨询（上海）有限公司北京分公司,注册号：110000420094872,世界领先咨询服务机构,https://www.shixiseng.com/com/com_kyhmerasugpl,北京,https://sxsimg.xiaoyuanzhao.com/4F/C9/4F2C968FE84C577C4DCA4F97FBF07BC9.jpg,德勤管理咨询,,[],5天/周,Deloitte（“德勤”）是一个品牌，在这个品牌下，在全球各地具独立法律地位的事务所属下数以万计的德勤专业人士联合向经筛选的客户提供审计、企业管理咨询、财务咨询、风险管理、税务及相关服务。这些事务所均为德勤有限公司（一家根据英国法律组成的私人的担保有限公司，以下称“德勤有限公司”） 的成员。每一个成员所在其所在的特定地区提供服务并遵守所在国家或当地的法律及专业规则。德勤有限公司的每一个成员所的结构根据其所在国家法律、法规、惯例及其他因素而设定，并且可以在其经营所在地透过从属机构、关联机构及/或其他关联实体提供专业服务。不是每一个德勤有限公司成员所都提供所有服务；根据公共会计的规定和法规，某些服务可能不会向鉴证服务的客户提供。德勤有限公司及其每一个成员所乃独立及独特的法律实体，相互之间不因对方而承担任何责任。德勤有限公司及其每一个成员所仅对其自身作为或遗漏承担责任，而对相互的行为或遗漏不承担任何法律责任。德勤有限公司（又称“德勤全球”）并不向客户提供服务。,成立日期：2006-10-18,咨询,不限,2018-03-29,"['工作描述：', '1.\xa0\xa0\xa0 课题内容：搭建模型，实现用户运维问题（通过文本描述）与预设知识库的关联。该模型需识别出用户运维问题中的关键点并与知识库中已有知识进行匹配。该模型需要具备机器学习的能力，即根据用户的反馈不断优化匹配算法，调整多条知识的匹配排序。', '2.\xa0\xa0\xa0 主要职责：1）研究停词、同义词、分词等相关文本处理技术，研究TensorFlow等框架；2）参与模型设计，辅助进行匹配模型及算法设计；3）搭建原型实现主要功能。', '基本要求：', '1.\xa0\xa0\xa0 计算机及相关专业，有一定的开发经验；', '2.\xa0\xa0\xa0 实习期4个月以上，每周实习4天以上；', '3.\xa0\xa0\xa0 优选硕士研究生。', '加分项：', '1.\xa0\xa0\xa0 有文本处理及相关算法经验者优先；', '2.\xa0\xa0\xa0 熟悉TensorFlow等人工智能框架者优先。']",https://www.shixiseng.com/intern/inn_akifrc9e05s8,基于机器学习的运维机器人原型开发实习生,2000人以上,2天前,软件,4个月,2018-03-19 09:49:17,139-140/天
注册资本：1500 万元,北京,公司类型：其他有限责任公司,完美世界（北京）网络技术有限公司,注册号：110108006733812,成为全球数字娱乐的领军企业,https://www.shixiseng.com/com/com_309hnisab97s,北京市朝阳区完美世界,https://sxsimg.xiaoyuanzhao.com/company_logo/2015-20/jgUAEb1S7LFKN3e.jpg,完美世界,http://www.wanmei.com,[],5天/周,"完美世界（北京）网络技术有限公司（以下简称：完美世界）是中国领先的网络游戏开发商和运营商之一。公司成立于2004年，一直致力于创造优质的互动娱乐产业品牌，倾力打造拥有自主知识产权的高质量网游精品。完美世界现主要基于自主研发的Angelica 3D游戏引擎、Cube引擎以及Eparch 2D引擎为平台开发各类网络游戏，陆续推出了《完美世界》、《武林外传》、《完美世界国际版》、《诛仙》、《赤壁》、《热舞派对》、《口袋西游》、《神鬼传奇》、《梦幻诛仙》、《降龙之剑》、《神魔大陆》、《神鬼世界》、《倚天屠龙记》等网络游戏产品。
完美世界凭借强大的技术实力及富有创意的游戏设计能力，加之对本国文化的深刻理解和丰富的市场经验，使公司能够迅速地推出广受大众欢迎的游戏产品，以满足全球用户不断变化的需求及市场发展。作为网络游戏产品提供商，完美世界正面向全球开展业务，全面拓展海外市场。目前，已经成功的将旗下部分产品出口到了海外六十多个国家和地区，并在美国、日本、中国台湾以及荷兰设有全资子公司，为全球用户提供优质的互联网娱乐服务内容。
2007年7月26日，完美世界成功登陆美国纳斯达克股票市场（NASDAQ：PWRD），并于2009年1月2日登陆纳斯达克全球精选市场(NASDAQ Global Select Market)挂牌交易，成为中国最出色的互动娱乐企业之一",成立日期：2004-03-10,互联网,不限,2018-03-28,,https://www.shixiseng.com/intern/inn_tws0xnug3coe,机器学习/算法工程师,2000人以上,2天前,Java,3个月,2018-03-19 09:29:38,150-200/天
注册资本：70万人民币,上海,公司类型：有限责任公司（自然人投资或控股）,上海穰川信息技术有限公司,统一社会信用代码：91310115MA1K3NK381,致力于成为人才选拔普惠AI的领航者,https://www.shixiseng.com/com/com_clpkopl5vvu0,郭守敬路498号,https://sxsimg.xiaoyuanzhao.com/08/0E/087CBD74D55B7A9F3151AD06F32AD90E.png,麦穗人工智能,http://www.mesoor.com,"['定期团建', '极客氛围', 'mentor带教', '有股权分红', '办公氛围年轻', '硬件火力足', '北清复交']",5天/周,"
2016年，麦穗团队完成核心团队组建，定位甄选领域最棒的技术团队，希望运用人工智能技术切入甄选领域，帮助定位更多适合英才。也许有人会问，AI（人工智能）可以做很多领域，为什么选择甄选作为第一切入点？麦穗认为，其核心其实是对于“人”的理解，是让机器精确了解并绘制每一个人的画像。因而，实现真正意义上的甄选依托的是一套完整的人工智能解决方案。2017年麦穗先后收获2轮战略投资，麦穗希望通过环环相扣的人工智能技术方案，轻松解锁甄选的智能时代，成为人才选拔普惠AI的领航者。",成立日期：2017-03-28,计算机/互联网,本科,2018-04-14,"['职责描述：', '- 开发和优化推荐系统模块', '- 开发和优化分析引擎模块', '- 构建稳定的服务', '- 核心算法后端服务架构的设计、开发、优化', '任职要求：', '- 计算机或相关专业本科以上学历', '- 良好的逻辑思维能力和数据敏感度', '- 优秀的分析和解决问题的能力，对挑战性问题充满激情', '- 良好的团队合作精神，较强的沟通能力', '- 熟悉Python语言编程，有Scala及Akka编程经验者优先，具有良好的开发能力', '- 了解RPC、网络编程、微服务等技术者优先', '- 有高并发、高性能服务系统设计开发经验者优先', '- 可以长期实习（可实习时间超过6个月）或实习转正优先考虑']",https://www.shixiseng.com/intern/inn_4cuinbwdiqro,机器学习开发实习,15-50人,3天前,数据挖掘,10个月,2018-03-17 20:34:51,280-400/天
,北京,,百度在线网络科技（北京）有限公司,,全球最大的中文搜索引擎、最大的中文网站,https://www.shixiseng.com/com/com_d5t90ebdlgth,北京,https://sxsimg.xiaoyuanzhao.com/0A/80/0A4DB3F4159F586B0E419CCFE6A34D80.png,百度,http://www.baidu.com,[],4天/周,,,计算机/互联网,硕士,2018-03-30,,https://www.shixiseng.com/intern/inn_nepbp9hib2yn,百度商业体系机器学习实习生,2000人以上,4天前,数据挖掘,3个月,2018-03-16 14:31:33,150-200/天
注册资本：5000万人民币,上海,公司类型：有限责任公司（自然人投资或控股）,上海七牛信息技术有限公司,组织机构代码：58058395-0,专注为“互联网+”企业与创业者提供数据从管理到大数据分析的一站式服务。,https://www.shixiseng.com/com/com_xlkt9vljeqjt,上海市浦东新区金科路2889弄长泰国际广场A座10层,https://sxsimg.xiaoyuanzhao.com/3B/A7/3B5B3EA0CBDA4ADCE4F4B8993AA2CDA7.png,七牛云,http://www.qiniu.com,"['宽松氛围', '免费水果供应', '美食']",4天/周,"公司介绍：七牛是国内领先的企业级云存储提供商，由存储技术领军人物许式伟创立。七牛通过自身创新的存储2.0以及富媒体云处理技术，专注为“互联网+”企业与创业者提供数据从管理到大数据分析的一站式服务。目前七牛平台已经承载60多万家企业，覆盖终端用户数超过全国整体网民的60%，很多知名创业者以及传统公司转型互联网比如豌豆荚，陌陌，网易，唱吧，蘑菇街，美拍，步步高，oppo, 平安，顺丰等等都在用七牛。许多新兴创业者一旦创业，云存储首选也是七牛，比如足记，知名歌手胡彦斌的牛班等。七牛以帮助企业缩短从想法到产品上线的时间距离为使命，努力让云服务成为打造互联网+的标配支持！",成立日期：2011-08-03,计算机/互联网,本科,2018-09-30,"['工作职责：', '1、参与机器学习方向技术平台软件开发；', '2、参与机器学习平台客户端软件开发；', '3、参与开发深度学习系统，优化资源管理/调度功能，不断优化系统，提高系统效率；', '4、优化深度学习数据管理系统，提升数据访问效率，提高易用性', '5、将技术创新推向亿万用户。', '职责要求：', '1、2019届实习生，统计学、应用数学、计算机相关专业、基础扎实；', '2、熟练掌握机器学习领域基本概念和基础算法者优先，并在如下一个或多个相关方向有深入研究：计算机视觉识别算法，语音识别算法，NLP 算法等；', '3、熟练掌握机器学习者优先，尤其是深度学习，基本算法并有丰富的实践经验者优先；', '4、熟练掌握 C/C++/Go 和脚本语言编程(如 Shell/Python 等)；\xa0', '5、掌握容器及相关编排技术者优先（比如K8S，Mesos等）；', '6、掌握分布式和存储相关知识优先；', '7、有快速学习的能力，宽泛的技术视野，创造性思维，富有想象力，有推进人工智能的理想；', '8、每周保证3个工作日能到岗，保证实习时间能持续6个月以上。']",https://www.shixiseng.com/intern/inn_vnjjkjrq9mir,机器学习平台开发工程师,500-2000人,4天前,软件,7个月,2018-03-16 14:18:48,200-300/天
注册资本：3500 万元 人民币,北京,公司类型：有限责任公司(自然人投资或控股),北京创新方舟科技有限公司,注册号：110108012385837,一家早期投资机构,https://www.shixiseng.com/com/com_6mvhgk07rkip,北京中关村鼎好大厦A座10层创新工场,https://sxsimg.xiaoyuanzhao.com/58/C9/580A9EBBAFF21000BDE4A1DA2947BFC9.png,创新工场,,[],4天/周,"创新工场由李开复博士创办于2009年9月，旨在帮助中国青年成功创业。创新工场是一家早期投资机构，同时为创业者提供全方位的创业服务。作为国内一流的创业平台，创新工场不仅提供创业所需的资金，还针对早期创业所需要的商业、技术、产品、市场、人力、法务、财务等提供一揽子创业服务, 旨在帮助早期阶段的创业公司顺利启动和快速成长。创新工场的投资方向立足于信息产业最热门的领域：移动互联网，数字娱乐、在线教育、智能硬件、智能商务、云计算、电子商务；主要涉足的投资阶段为：种子轮、天使轮和A轮，B轮会有选择的进行跟投。创新工场的基金来自全球投资者，其中既包括顶尖的专业投资机构和战略性投资者，也包括知名家族和个人。他们愿为创业者提供有力支持，共同打造世界级的创业公司。创新工场投资中国最顶尖的创业人才。创新工场所投资的创业者中既不乏曾在大公司担任高管，从事产品、技术、推广等相关工作的业界资深人才；也有曾经连续创业并取得成就的创业者。他们不仅在专业领域有深厚积累、熟知专业领域的方方面面，而且具备优秀的创业者素质。经过几年发展，创新工场已成为科技创业者的摇篮。不仅帮助创业者开创出了一批具有市场价值和商业潜力的产品，而且培育了众多创新人才和新一代高科技企业。创新工场希望通过全方位的支持、高端服务、全球视野和资源，协助创业者最大化的实现创业梦想；同时也期待与国内的创业者、投资者、政府、企业等携手，共同打造健康、良性的创业生态。",成立日期：2009-11-06,互联网/金融,不限,2018-03-30,"['人数：只要条件与岗位符合，水平足够，人数不限。（长期招聘）', '因为公司最近准备积攒简历后集中面试，因此面试时间可能会稍有延迟。如果感觉自己水平不错，可提前加我微信了解进度。', '\xa0', '要求：', '1、顶尖名校全日制在读生，在机器学习相关领域（如图像，NLP，数据挖掘）有一定项目经验积累。', '2、至少熟练掌握一门编程语言，如python，matlab等。如果编程暂时不熟练，数学牛叉也可以考虑。', '3、因为经常需要追踪学习前沿学术论文，因此非常适合同学来做应用研究。', '4、熟悉caffe,tensorflow\xa0等至少一种深度学习框架的同学优先。', '工作方向：', 'NLP：聊天机器人', '图像，视频：场景感知，图片分类，关键点检测', '金融智能：用ai直接赚钱，你懂的。', '商业智能：将人工智能技术应用到实际的商业活动中。', '我们采用的是Google公司的文化，更加看重同学们勤恳工作的态度和快速学习的能力，上班时间没有限制，完全任务导向，氛围非常宽松自由。', '待遇：', '，免费午饭，各种零食水果。此外经常会有微软，Google，NVIDIA等一流公司的科学家以及斯坦福，普林斯顿，伯克利等高校的博士来做交流。', '创新工场人工智能工程院由', '博士担任首任院长，目前的领导成员均为微软（总部），Google，Twitter，IBM等公司的科学家和高级工程师。此外，还有很多大牛正陆续加入中。。。。', '补充说明：', '简历一定要把项目经历和自身掌握的技能详细写清楚，比如具体负责的部分，用到的方法模型，以及效果，有点类似于论文的摘要。项目方面可以是课程大作业。']",https://www.shixiseng.com/intern/inn_epl1bgzmqmkg,机器学习实习生,150-500人,5天前,软件,6个月,2018-03-16 09:33:13,200-300/天
注册资本：1000万,广州,公司类型：有限责任公司(自然人投资或控股),广州麦仑信息科技有限公司,注册号：440108000121286,麦仑致力于AI智能、计算机视觉和深度学习等技术的产业化应用,https://www.shixiseng.com/com/com_end1bis6hcto,广州市天河区花城大道85号 高德置地春广场 A座2304单元,https://sxsimg.xiaoyuanzhao.com/B2/F5/B277E77F2C34DFF7D6831FB8839E7DF5.png,MELUX麦仑,http://www.melux.com,"['周末双休', '五险一金', '包吃', '员工旅游', '年终奖']",4天/周,麦仑是世界顶级的人工智能团队，麦仑致力于AI智能、计算机视觉和深度学习等技术的产业化应用。麦仑积累了世界顶尖的智能技术，由美国硅谷工作十多年的顶级专家带头，基于万亿张图片的超高精度和闪速算法，为庞大的目标市场，提供前所未有的新服务和新模式。麦仑有幸面对一个十万亿级战略新产业崛起的机遇，致力于打造一个伟大的人工智能企业。通过颠覆性新技术的研发、部署和实施，麦仑将造就市场需求的新标准和新趋势，迅速地打破现有局面，逐步促成颠覆性的变化。,成立日期：2015-12-16,计算机/互联网,本科,2018-06-30,"['职位描述：', '1、通过对数据的敏锐洞察，深入挖掘产品潜在价值和需求，进而提供更有价值的服务；', '4、负责编写设计开发文档、设计手册、应用手册相关技术文档。', '\xa0岗位要求：', '1、熟悉大规模数据挖掘、机器学习、自然语言处理、分布式计算中一项或多项技术', '2、了解完整的数据挖掘过程方法论，并有独立完整的建模实践经验优先考虑。', '3、熟练使用R/Python，熟悉C/C++/Java中一种，有Hadoop/Spark等大数据处理经验；', '4、有较强的逻辑思维能力、优良的沟通表达能力及团队合作精神', '公司为新入职员工提供专业指导与培训']",https://www.shixiseng.com/intern/inn_ryfack2n8f2g,机器学习开发工程师,50-150人,5天前,算法,7个月,2018-03-15 16:58:18,250-350/天
注册资本：53760 万元人民币,杭州,公司类型：股份有限公司（上市、自然人投资或控股）,浙江核新同花顺网络信息股份有限公司,注册号：330108000000721,浙江核新同花顺网络信息股份有限公司成立于1995年，是中国证券信息服务业的第一家上市公司,https://www.shixiseng.com/com/com_z1cdny6k5pma,杭州市余杭区文一西路荆常大道交叉口同花顺新大楼,https://sxsimg.xiaoyuanzhao.com/A3/50/A33B2E30E174F721C18420764DF11D50.png,同花顺,,[],5天/周,"浙江核新同花顺网络信息股份有限公司成立于1995年，是中国证券信息服务业的第一家上市公司（股票代码：300033，股票名称：同花顺），目前有员工2500余人。
    公司具有行业最为齐全的产品线，在国内证券交易系统市场占有率高达90%；“同花顺金融服务网”已有上亿注册用户；每日使用“同花顺行情客户端”的用户达几千万；2003年自主研发的手机证券交易系统，是业内最早、技术最为领先，并唯一与中国移动、中国联通、中国电信三大运营商建立起全面合作关系的手机金融信息服务提供商。
    互联网金融信息行业是极具发展潜力的行业，这个行业汇聚了全国各种顶尖人才。同花顺经过十五年坚持不懈和专注发展，造就了最有影响力的行业龙头地位！
    同花顺有激情、平等、开放的创业团队，有完善的职业发展和晋升体系，有竞争力的薪资福利体系，有丰富多彩的员工活动……
    在这里，您可与志同道合的同事们共同探索新技术，共同推动证券投资新模式。
    如果您有激情，您有梦想，您有强烈的进取心……
    就请加入我们，一起赢现在！赢未来！
    我们热忱欢迎您的加盟！",成立日期：2001-08-24,计算机/互联网,硕士,2018-03-27,"['可接受暑期实习', '岗位职责：', '1.负责同花顺 语音项目组 机器学习相关工作的进行', '\xa0\xa0\xa0\xa0', '2.负责语音识别/语音合成/声纹识别 其中一个模块的研究工作', '3.研究最新机器学习，深度学习算法，优化改进语音项目引擎', '岗位要求：', '1. 211，985硕士以上学历', '2. 对自然语言处理、语音识别等机器学习相关项目的架构、算法有浓厚兴趣', '3. 良好的算法基础，熟悉C/C++ Java Python或其他任何语言', '4. 有中文文本处理经验或机器学习算法经验优先', '5. 全职进行实习', '专业的技术团队，并提供留用机会~']",https://www.shixiseng.com/intern/inn_ewbcn9wpv6qx,同花顺--深度/机器学习实习生,2000人以上,5天前,算法,7个月,2018-03-15 16:32:21,120-240/天
注册资本：3000 万元,北京,公司类型：有限责任公司(自然人投资或控股),北京真机智能科技有限公司,注册号：110108021578303,国内第一家专注为物流最后一公里提供机器人解决方案的人工智能团队,https://www.shixiseng.com/com/com_p8dtguz3pbfr,北京市海淀区五道口中关村智造大街D座,https://sxsimg.xiaoyuanzhao.com/2A/8C/2AB2B074171217A93244C452E9FB3D8C.png,真机智能,http://www.zhenrobot.com,"['行业大咖', '顶尖产品', '精益创业', '接受应届生', '五道口', '清华', '有创意有乐趣', '行业革新者', '硅谷風投', '无人车']",4天/周,真机智能是国内第一家专注为物流最后一公里提供机器人解决方案的人工智能团队，已获顶级风投注资。 现诚招实习生，计算机系/汽车系/電子系/机械系/机器人专业相关的你。如果你想拥抱未来，在快速上升团队获得期权，全職，甚至合伙人机会，请直接带简历电邮！,成立日期：2016-07-06,"计算机/互联网,机械制造",本科,2019-03-02,"['企业介绍： \xa0 \xa0', '真机智能是国内第一家专注为物流最后一公里提供机器人解决方案的人工智能团队，已获顶级风投注资。如果你想拥抱未来，在快速上升团队获得期权，全職，甚至合伙人机会，请直接带简历电邮！ \xa0 \xa0', '工作描述', '工作要求', '加分项']",https://www.shixiseng.com/intern/inn_rlqgs4gpi70x,物流机器人-深度学习工程师,15-50人,5天前,算法,5个月,2018-03-15 13:33:40,200-250/天
注册资本：5450 万元 美元,上海,公司类型：有限责任公司(台港澳法人独资),国际商业机器（中国）投资有限公司,注册号：100000400002678,全球最大的信息技术和业务解决方案公司,https://www.shixiseng.com/com/com_ptbyajxeywkm,IBM软件研发中心 | 海淀区上地中关村软件园,https://sxsimg.xiaoyuanzhao.com/E8/B8/E8F07BF935E752153178F909BB80C0B8.jpg,IBM,http://www.ibm.com,"['一周休两天', '出国深造', '开放自由', '高大上活动']",5天/周,世界500强大公司R&D的职位,成立日期：1992-03-31,计算机/互联网,硕士,2018-04-07,,https://www.shixiseng.com/intern/inn_9if6xeuz4qkf,IBM机器学习模型研发,2000人以上,6天前,软件,7个月,2018-03-14 21:35:30,160-240/天
注册资本：无,深圳,公司类型：有限合伙,深圳市君泽利投资发展企业(有限合伙),注册号：440304602283749,老牌私募,https://www.shixiseng.com/com/com_ieubu3ugfpnt,深圳北站,https://sxsimg.xiaoyuanzhao.com/42/0C/4289B0A87B6B0F131E9D15C9B77FAB0C.jpg,君泽利,http://jzlfund.com,"['接收应届生', '牛人同事', '团队优异', 'dotgeek']",5天/周,2011,成立日期：无,金融,本科,2018-12-31,"['1. 帮助基金经理提取/清洗财务, 交易, 新闻, 公告等数据.', '2. 运用各种机器学习方法, 分析数据规律, 提交研究报告.\xa0', '3. 辅助提高回测交易系统的运算速度和性能表现.', '1. 一流大学理工类学生(计算机, 软件, 数学, 物理优先)', '2. 编程熟练, 细心踏实.', '3. 了解基本的机器学习方法, 有Github项目优先.', '4. 实习4个月以上; 表现优秀者可以转正.', '(PS: 办公室座位有限, 不定时有实习生退出, 所以简历可以重复投递)']",https://www.shixiseng.com/intern/inn_rtxbwdg1vaps,机器学习数据分析师,少于15人,6天前,软件,5个月,2018-03-14 21:23:22,50-100/天
注册资本：100万人民币,上海,公司类型：有限责任公司（自然人独资）,唯衣（上海）网络科技有限公司,统一社会信用代码：91310104MA1FR2YX16,一家用人工智能技术驱动服装行业变革的技术企业,https://www.shixiseng.com/com/com_ozqo1q9ovl0j,上海市徐汇区虹桥路333号交大慧谷科技园606室,https://sxsimg.xiaoyuanzhao.com/E1/CA/E18AE17C805CE8CFFBE541C0CAF44ACA.png,WeiyiTech,,"['人工智能', '机器学习', '数据科学', '新零售', '人工智能大拿带队传授', '高智商团队', '名企高管背景', '名校团队高学历', '学习最前沿实战科技', '前（钱）途无量']",3天/周,"WeiyiTech Vison: AI Powers FashionWeiyiTech is a startup company focusing on developing and applying AI technology into apparel and Fashion industry requirements. The team members come from famous AI companies, successful leadership from world Top500 companies, graduated from Shanghai Jiaotong University and other famous universities. Having the industry insights and AI technology, WeiyiTech is improving the industry effectiveness through breakthrough technology and methodology.WeiyiTech is awarded as one of Most Important Startup Companies by Shanghai government in 2017.",成立日期：2016-04-26,计算机/互联网,不限,2018-03-31,"['职位： Machine Learning Engineer', '实习预期收获： 人工智能团队大拿带队，免费培训顶尖AI技术、算法、实战经验。通过实习学习到知识、增长能力、倍增自己的身价、未来有广阔的发展机会。', 'Job description', 'This\r\nposition focuses on AI applications using advanced analytics, machine learning and\r\ndeep learning approaches. Machine learning solutions include image/video\r\nrecognition, natural language processing, and information extraction in retail,\r\nfinance, automotive, transportation, heath, energy and public sectors. This position\r\nis responsible for designing, coding/optimizing and testing the software\r\ncomponents required to complete AI solution.', 'Duties will include designing machine learning solutions\r\nbased on business requirements,\r\ndevelopment, optimization, and testing of AI solutions. Individual will also be\r\nrequired to work closely with clients to conduct technical and proof of concept.', 'Required qualifications:', '·\xa0\xa0\xa0\xa0\xa0\xa0\r\nBS\r\ndegree in Computer\r\nScience, Computer Engineer, Electrical Engineer, Applied Mathematics, Machine\r\nLearning, Robotics, Statistics or related', '·\xa0\xa0\xa0\xa0\xa0\xa0\r\nUnderstanding\r\nof machine learning (linear regression, logistic regression, decision tree, naïve\r\nBayes, svm, k-means, random forest, etc)\xa0', '·\xa0\xa0\xa0\xa0\xa0\xa0\xa0\r\nHands-on\r\nexperience with machine learning', '·\xa0\xa0\xa0\xa0\xa0\xa0\xa0\r\nExperience on Python/R, familiar with machine learning\r\npackages', 'Preferred qualifications:', '·\xa0\xa0\xa0\xa0\xa0\xa0\xa0\r\nMS/PhD in Computer Science, Computer Engineer, Electrical\r\nEngineer, Applied Mathematics, Machine Learning, Robotics, Statistics or related', '·\xa0\xa0\xa0\xa0\xa0\xa0\xa0\r\nExperience\r\non recommender system, NLP, image/video\r\nprocessing tasks.', '·\xa0\xa0\xa0\xa0\xa0\xa0\xa0\r\nUnderstanding\r\nof deep learning (CNN, RNN, backpropagation, SGD, activate function, batch\r\nnormalization, dropout, etc)', '·\xa0\xa0\xa0\xa0\xa0\xa0\xa0\r\nExperience\r\nimplementing algorithms from latest research results.', 'Learning opportunities:', '·\xa0\xa0\xa0\xa0\xa0\xa0\xa0\r\nSenior expert in AI applications will coach\r\nand lead you, to learn the firsthand knowledge & experience from famous\r\n& advanced world AI team.', '·\xa0\xa0\xa0\xa0\xa0\xa0\xa0\r\nCooperate with top class team members.', '·\xa0\xa0\xa0\xa0\xa0\xa0\xa0\r\nQualified\r\ntrainees will be recommended to world top AI companies to pursue future career\r\ndevelopment.', 'Allowance:', '·\xa0\xa0\xa0\xa0\xa0\xa0\xa0\r\nThis position will get good, first hand\r\nadvanced training by AI expert for free. There is no monthly salary. The\r\nallowance is RMB20 per day for lunch.', 'Company background', 'WeiyiTech\r\nis a startup company focusing on developing and applying AI technology into\r\nindustry requirements. The team members come from famous AI companies,\r\nsuccessful leadership from world Top500 companies, graduated from Shanghai\r\nJiaotong University and other famous universities. Having the industry insights\r\nand AI technology, WeiyiTech is improving the industry effectiveness through\r\nbreakthrough technology and methodology.', 'WeiyiTech\r\nis awarded as one of Most Important Startup Companies by Shanghai government in\r\n2017.']",https://www.shixiseng.com/intern/inn_jtfqkbd1mqyu,人工智能机器学习工程师,少于15人,6天前,算法,3个月,2018-03-14 20:56:58,20-30/天
注册资本：2500万美元,上海,公司类型：有限责任公司(台港澳法人独资),竹间智能科技（上海）有限公司,注册号：310141400030873,人工智能新秀，致力打造中国市场上首款人工智能伴侣,https://www.shixiseng.com/com/com_ic51d88mpdgx,北京市海淀区清华同方科技广场B座,https://sxsimg.xiaoyuanzhao.com/AA/BA/AA9F7958CAB0C0F9FCEB925CFE809EBA.png,竹间智能,http://www.emotibot.com,"['智能机器人', '自由灵活', '晋升前景', '适合大学生']",3天/周,竹间智能科技 (Emotibot Technologies) 由前微软亚洲工程院副院长简仁贤先生创办，致力打造中文市场上首款人工智能伴侣，以情感计算研究为核心，深度学习等尖端技术为基础，满足广大用户的日常生活和工作所需。未来的人机交互将以对话为中心，竹间的人工智能技术提供了首个双向交互的对话系统，深度的图像识别、语音辨识、多模态的情感理解技术。Emotibot和 MIT的两大人工智能实验室的科学家有深度的合作，领先人工智能技术的发展。竹间智能科技(上海)有限公司(Emotibot Technologies Limited)致力于打造面向中国市场的首款人性化的，以情感计算领域研究为核心，并结合满足用户刚需功能的人工智能。我们的创业团队有来自微软，百度，盛大等互联网公司的机器人极客们，联手麻省理工学院，复旦大学等海内外高校的优秀科学家，诚招各位人工智能，大数据，及物联网领域的志同道合的创业者，以超前扎实的技术为基础，接地气的产品为推动力，打造新一代以人为本的智能互联网产品。 ,成立日期：2015-08-25,计算机/互联网,本科,2018-03-31,"['岗位职责：', '任职要求：', '来到这里的你：', '1. \xa0将和来自国内外名校、世界顶尖企业的技术大牛一起解决问题，技术氛围浓厚。', '3. \xa0公司已在金融、电商、运营商等大型企业拿下具有标杆意义的项目，可以将技术落地在真实应用场景，接触最前沿的技术解决方案。']",https://www.shixiseng.com/intern/inn_ypk377zr2yas,机器学习实习生,150-500人,6天前,算法,6个月,2018-03-14 17:52:52,200-300/天
注册资本：1万元人民币,南京,公司类型：外商投资公司分公司,趋势科技（中国）有限公司南京分公司,组织机构代码：77396049-2,全球最大的独立安全软件的提供商，全球公认的服务器、虚拟化以及云安全领域的领军者,https://www.shixiseng.com/com/com_91evzs82kjhc,南京市软件大道48号苏豪国际广场B座 趋势科技,https://sxsimg.xiaoyuanzhao.com/6E/6F/6E1F2A5FACA157DA6BADE462CDC6C26F.png,趋势科技,http://www.trendmicro.com.cn,"['外资', '有期权', '社会保险', '高薪水', '待遇好', '全面发展', '各种福利', '硅谷血统', '程序', '成长快']",4天/周,"趋势科技创建于1988年，目前在全球50多个国家和地区设有分公司，员工总数超过5000人。趋势科技是全球互联网内容安全的领导品牌，致力于保障企业及消费者交换数字信息环境的安全。趋势科技是全球最大的独立安全软件提供商，已是全球公认的服务器、虚拟化和云安全领域的全球领军者，业已荣膺“全球虚拟化安全市场第一”，“全球服务器安全市场第一”以及“全球云安全市场第一”殊荣。
 
      作为内容安全领域的领军企业，趋势科技提供与企业生态系统无缝集成的安全解决方案以保障企业及个人用户交换数字信息环境的安全，并赋予企业有效管理风险的能力。趋势科技的安全解决方案可用于跨细分市场的所有常用计算平台，从而服务于个人用户、中小企业以及大型企业用户。

 
      趋势科技专注的领域涵盖：数据中心和云服务，邮件和通讯安全，数据中心安全，网络安全，智能防护云，终端和移动以及风险管理等。趋势科技的网络防恶意软件专利是行业的知识产权典范。趋势科技在全球拥有 15 个恶意软件实验室（TrendLabs），可以涵盖世界各地的威胁。在硅谷、中国、中国台湾、 加拿大、 德国、英国和其他 5 个国家/地区，趋势科技建立了 11 个研发中心，构建的网络可持续监控全球威胁和局部地区威胁，遍布全球各地的1,500余名趋势科技安全专家可为各国家和地区的用户提供7×24的全天候响应及技术支持服务。

      全球 50 强企业中的 48 家都选用趋势科技的解决方案，其中囊括全球10大汽车公司和10大电信公司。在中国，趋势科技的表现也很抢眼，在中国500强企业中，77%已经使用了趋势科技的解决方案，其中包括70%以上的银行、80%的证劵公司、65%的汽车制造商和50%的保险公司。

      1997年8月，趋势科技在南京成立趋势科技中国研发中心(CDC)，目前该中心已成为趋势全球第二大研发中心。目前趋势科技中国研发中心已有500多名员工，是趋势科技全球第二大研发中心，目前中国研发中心已申请和获得多项美国专利技术。",成立日期：2005-04-18,计算机/互联网,本科,2018-03-28,"['工作职责:', '1. 协助机器学习系统产品化', '2. 协助进行特征提取与分析', '3. 协助研究员的其他工作', '任职资格：']",https://www.shixiseng.com/intern/inn_zzs6smfpsukt,实习生-机器学习,2000人以上,6天前,云计算/大数据,7个月,2018-03-14 15:25:18,149-151/天
注册资本：217128万元人民币,北京,公司类型：有限责任公司(自然人投资或控股),北京百度网讯科技有限公司,注册号：110108002734659,全球最大的中文搜索引擎、最大的中文网站,https://www.shixiseng.com/com/com_ll8uyo9rfefe,百度科技园,https://sxsimg.xiaoyuanzhao.com/3E/3D/3E1F42C4AC29CDADFB729234AF43E03D.jpg,百度,http://www.baidu.com,"['氛围爆好', '舒适的办公环境', '领导NICE', '精英多多', '咖啡茶水自助', '自由氛围', '法定节假日']",5天/周,百度（纳斯达克：BIDU），全球最大的中文搜索引擎、最大的中文网站。百度拥有数万名研发工程师，这是中国乃至全球最为优秀的技术团队。这支队伍掌握着世界上最为先进的搜索引擎技术，使百度成为中国掌握世界尖端科学核心技术的中国高科技企业，也使中国成为美国、俄罗斯、和韩国之外，全球仅有的4个拥有搜索引擎核心技术的国家之一。,成立日期：2001-06-05,计算机/互联网,本科,2018-09-30,"['【工作职责】', '-基于大规模用户行为，以效果为目标，建立并优化推荐系统的基础算法和策略', '-应用机器学习等尖端技术，针对海量信息建模，挖掘潜在商业价值', '-负责在线广告投放系统的核心技术创新与优化', '-提高在线广告的相关度、用户体验、投放效果及变现能力', '【任职资格】', '-良好的逻辑思维能力，和数据敏感度，能能够从海量数据中发现有价值的规律', '-具备大规模推荐系统的研发经验', '推荐算法设计和实现', '推荐系统评估方法研究', '-对', '、机器学习感兴趣，并有一定的理论和实践背景', '-具备良好的数据敏感度和大规模数据处理能力', '-优秀的分析和解决问题的能力，对挑战性问题充满激情', '-具备良好的团队合作精神，较强的沟通能力，具备良好的技术领导能力']",https://www.shixiseng.com/intern/inn_otlrzg6kz4zq,北京_策略（机器学习/数据挖掘）实习生,2000人以上,6天前,算法,6个月,2018-03-14 13:57:57,170-220/天
注册资本：4000 万元 美元,北京,公司类型：有限责任公司(台港澳法人独资),北京搜狗科技发展有限公司,注册号：110000410281598,搜狗是中国互联网行业的创新标杆性企业，是中国用户规模第四大互联网公司。,https://www.shixiseng.com/com/com_2atx1z5ay66t,北京市海淀区中关村东路1号院，搜狐网络大厦,https://sxsimg.xiaoyuanzhao.com/A0/70/A003A27F68874AF7D13FA263318CFB70.jpg,搜狗,http://www.sogou.com,[],4天/周,搜狗是搜狐公司的旗下子公司，于2004年8月3日推出，目的是增强搜狐网的搜索技能，主要经营搜狐公司的搜索业务。在搜索业务的同时，也推出搜狗输入法、搜狗高速浏览器。2010年8月9日搜狐与阿里巴巴宣布将分拆搜狗成立独立公司，引入战略投资，注资后的搜狗有望成为仅次于百度的中文搜索工具。,成立日期：2006-02-08,互联网,本科,2018-03-27,"['工作职责：', '\xa0\xa0\xa0\xa0\xa0\xa0\xa0\r\n基于机器学习（强化学习）的量化投资分析（基金方向）', '\xa0\xa0\xa0\xa0\xa0\xa0\xa0\r\n基于多维度数据的特征挖掘，分析；', '\xa0\xa0\xa0\xa0\xa0\xa0\xa0\r\n特征提取，算法验证', '\xa0\xa0\xa0\xa0\xa0\xa0\xa0\r\n数据获取，清洗', '任职要求：', '、 硕士及以上学历，计算机、统计学、数学、金融学相关专业', '、 熟悉强化学习理论与工程实践。', '、 熟悉', '，', '，', '。', '、 熟练使用', '或', '或', '语言之一。', '符合以下条件一条或多条优先考虑：', '\xa0\xa0\xa0\xa0\xa0\xa0\xa0\r\n熟悉', '\xa0\xa0\xa0\xa0\xa0\xa0\xa0\r\n在', '，天池，或国内外其他公开竞赛中取得', '以上排名。', '\xa0\xa0\xa0\xa0\xa0\xa0\xa0\r\n有个人技术博客或在各技术社区活跃', '\xa0\xa0\xa0\xa0\xa0\xa0\xa0\r\n有数据建模分析经验。']",https://www.shixiseng.com/intern/inn_mjaaycr0zld2,机器学习（强化学习）算法实习生,2000人以上,6天前,算法,4个月,2018-03-14 11:51:04,160-200/天
注册资本：100 万元 人民币,北京,公司类型：有限责任公司(台港澳法人独资),北京异构智能科技有限公司,统一社会信用代码：91110108MA007QWXXL,一家以人工智能技术驱动的创新型公司,https://www.shixiseng.com/com/com_svqnxicpgjok,北京市海淀区上地中关村软件园4号楼C座云基地,https://sxsimg.xiaoyuanzhao.com/C8/8C/C8ADC702753CDE8040F7E979BDB45B8C.png,Novumind,http://www.novumind.com,"['北京硅谷团队', '牛人亲自带领', '餐补', '有机会转正', '靠谱BOSS', '发展迅速']",4天/周,"      异构智能有限公司（NovuMind, Inc.）是位于世界创新中心硅谷的一家技术驱动的初创公司，由世界级的科学家所组成，专注于人工智能科技。Novumind 的核心竞争力源于强大的硅谷技术研发团队，异构计算和人工智能的软件和硬件在物联网应用的博大市场需求，和全球独家首创的领先优势。成员骨干均毕业于中，英，美名校，拥有硕士以上高等学历，分布于旧金山、北京、香港、台北等城市。公司骨干具有丰富理论基础和实践经验，及多年深厚的技术积累和行业背景，在高性能计算，深度学习，人工智能，大数据解析，以及异构计算方面，都有领先世界的技术实力。通过人才，技术和资源积累，形成了”全栈（Full
stack）、集成（Integrated）、最优（State-of-the-Art）”的立体竞争优势",成立日期：2016-08-23,计算机/互联网,硕士,2018-03-27,"['职位要求：', '·\xa0\xa0\xa0\xa0\xa0\xa0\xa0\xa0\xa0\xa0\xa0\xa0\xa0\xa0\xa0\xa0\xa0\r\n对机器学习系统，分布式计算有浓厚兴趣，能自我驱动', '·\xa0\xa0\xa0\xa0\xa0\xa0\xa0\xa0\xa0\xa0\xa0\xa0\xa0\xa0\xa0\xa0\xa0\r\n熟练掌握C/C++， 较好的算法系统设计和编码实现能力', '·\xa0\xa0\xa0\xa0\xa0\xa0\xa0\xa0\xa0\xa0\xa0\xa0\xa0\xa0\xa0\xa0\xa0\r\n较强的学习能力，热衷于尝试新算法，架构', '加分技能：', '·\xa0\xa0\xa0\xa0\xa0\xa0\xa0\xa0\xa0\xa0\xa0\xa0\xa0\xa0\xa0\xa0\xa0\r\n具有ACM-ICPC程序设计竞赛参赛、获奖经历', '·\xa0\xa0\xa0\xa0\xa0\xa0\xa0\xa0\xa0\xa0\xa0\xa0\xa0\xa0\xa0\xa0\xa0\r\n具有分布式计算，或大数据分析的系统开发经验', '·\xa0\xa0\xa0\xa0\xa0\xa0\xa0\xa0\xa0\xa0\xa0\xa0\xa0\xa0\xa0\xa0\xa0\r\n具有Caffe, Mxnet,Tensorflow等开源工具的开发经验\xa0', '· \xa0 \xa0 \xa0 \xa0 \xa0 \xa0 \xa0 \xa0 \xa0具有MPI，或机器学习系统及自动化的开发经验', '接受寒假实习和长期实习']",https://www.shixiseng.com/intern/inn_l9vesowtm9e2,机器学习系统研发工程师,15-50人,7天前,算法,5个月,2018-03-13 18:36:33,200-300/天
注册资本：560000万人民币,北京,公司类型：有限责任公司(台港澳法人独资),北京嘀嘀无限科技发展有限公司,注册号：110000450232939,全球领先的一站式出行平台,https://www.shixiseng.com/com/com_4ptrbbbgrpwa,北京市海淀区中关村软件园数字山谷B区3号楼,https://sxsimg.xiaoyuanzhao.com/8E/6C/8EA09F9A514E9CB0FBD0D4DE7EED176C.jpg,滴滴出行,http://www.xiaojukeji.com,[],4天/周,,成立日期：2013-05-06,计算机/互联网,本科,2018-04-11,"['利用滴滴海量的出行数据，对路线规划进行建模，', '使用数据挖掘和机器学习技术优化滴滴地理信息模型，', '提升滴滴用户的出行体验和平台效率。']",https://www.shixiseng.com/intern/inn_fadbnot0kccr,大数据/机器学习算法工程师,2000人以上,7天前,软件,5个月,2018-03-13 17:08:32,200-260/天
注册资本：1000万人民币,北京,公司类型：有限责任公司(法人独资),北京顺丰同城科技有限公司,统一社会信用代码：91110108MA019D6G16,一家主要经营国际、国内快递业务的港资快递企业,https://www.shixiseng.com/com/com_a5khuiow2zbr,北京市海淀区学清路嘉创大厦,https://sxsimg.xiaoyuanzhao.com/73/3C/73F8582B87688BA51E3FED0DD6F7D03C.jpg,顺丰同城,http://www.sf-express.com,"['学习空间', '高效办公', '大家庭', '实干团队', '产品好', '关注员工发展', '同事关系好', '员工Nice', '学习机会多多']",5天/周,,成立日期：2017-12-15,计算机/互联网,本科,2018-04-30,"['职位描述', '-负责顺丰同城智能物流调度算法的策略开发，数据挖掘与建模，主要面向同城即时物流调度场景； ', '-研究机器学习与数学建模的相关技术，并用于实际问题的改善和优化，以技术驱动用户体验提升与公司业务成长，体现技术价值。', '任职要求', '-熟悉', '编程环境，熟练掌握', '与', '开发；', '-有机器学习、数据挖掘等相关领域的理论背景；', '-良好的逻辑思维能力，对数据敏感，能够发现关键数据、抓住核心问题；', '-良好的编程能力和代码风格。']",https://www.shixiseng.com/intern/inn_z4i1xnl7jzra,机器学习算法工程师,150-500人,7天前,算法,5个月,2018-03-13 15:22:27,100-200/天
,上海, ,北京三快在线有限公司,,美团点评 中国最大的生活服务电商平台,https://www.shixiseng.com/com/com_5s8rg3fuuhqu,上海市长宁区安化路492号（中山公园地铁站附近）,https://sxsimg.xiaoyuanzhao.com/BE/E2/BEDE4BE859ED8F37A68D6E758D7136E2.jpg,美团点评,http://meituan.com/,[],4天/周,美团点评中国最大的生活服务电商平台2003年4月大众点评网成立于上海，中国最早的第三方消费点评网站2010年3月4日美团网在北京上线，是中国最早的独立团购网站2015年10月8日美团网与大众点评网达成历史性战略合作，成为中国O2O绝对领导者,,计算机/互联网,不限,2018-04-12,,https://www.shixiseng.com/intern/inn_lfobk6jhveur,上海-机器学习/数据挖掘算法工程师（实习）,2000人以上,7天前,软件,3个月,2018-03-13 14:46:47,200-400/天
,杭州,,阿里巴巴集团,,分享数据的第一平台，幸福指数最高的企业,https://www.shixiseng.com/com/com_kkfaxwyguegz,望京 阿里巴巴绿地中心,https://sxsimg.xiaoyuanzhao.com/DB/7A/DBA587C897C140886CE577EA6FA0D67A.png,阿里巴巴,http://www.alibaba.com/,[],3天/周,阿里巴巴集团，是一家由中国人创建的国际化的互联网公司；经营多元化的互联网业务，致力为全球所有人创造便捷的交易渠道；自成立以来，集团建立了领先的消费者电子商务、网上支付、B2B网上交易市场及云计算业务，近几年更积极开拓无线应用、手机操作系统和互联网电视等领域。集团以促进一个开放、协同、繁荣的电子商务生态系统为目标，旨在对消费者、商家以及经济发展做出贡献。阿里巴巴集团由本为英语教师的马云于1999年带领其他17人所创立，集团由私人持股，服务来自超过240个国家和地区的互联网用户；集团及其关联公司在大中华地区、印度、日本、韩国、英国及美国70多个城市共有20400多名员工。,,互联网,硕士,2018-03-27,['4. 良好的沟通表达能力，对医疗大数据的发展有参与热情。'],https://www.shixiseng.com/intern/inn_qdo4hytdced0,机器学习算法实习生,5000人以上,7天前,软件,3个月,2018-03-13 11:20:12,300-500/天
注册资本：820 万元人民币,成都,公司类型：其他有限责任公司,成都准星云学科技有限公司,注册号：510109000486543,专注于人工智能、大数据技术在教育领域落地应用的高科技企业,https://www.shixiseng.com/com/com_wkfp2naatp0r,成都市高新区天府新谷5号楼5楼（公交市一医院站旁）,https://sxsimg.xiaoyuanzhao.com/A9/B8/A9C723ECD69A729FF37EABAA2DA94DB8.png,准星云学,http://www.iclassedu.com,"['公司内部培训', '共同成长学习', '活跃的工作环境', '融洽团队氛围']",4天/周,       成都准星云学科技有限公司，隶属于清华大学苏研院大数据处理中心，专注于人工智能、大数据技术在教育领域的落地应用。公司核心技术团队由中国科学院院士、国际知名计算机专家、海归精英及博导组成，公司现有40余项专利申请中，其中10余项处于国际领先水平。在清华大学苏研院大数据处理中心等各级领导的大力支持下，公司于2014年9月在成都高新区注册。             依托清华大学大数据、人工智能、自然语言识别等前沿技术，公司于2014年成功研发了以自动解题技术为核心的人工智能系统AI-MATHS（即准星高考机器人），2017年 6月7日 AI-MATHS首次公开模拟高考以最高105分再攀新高，吸引全球1000余家主流媒体报道。              基于AI-MATHS核心技术支撑，公司自2014年陆续研发“准星智能评测系统”等AI精准智能教育系列产品，通过“智能笔动态采集学生笔迹+AI-MATHS人工智能系统精准个性化分析”模式，准星智能评测系统，现已帮助全国数万师生实现精准高效的教与学，并在全国各公立学校、辅导机构中落地应用并取得突出成效，是真正实现个性化教学的K12教育智能评测及学习平台。目前AI-MATHS主要应用在中学数学教育上，今后AI-MATHS加大训练后，可迅速提高质量并实现教育学科的广泛应用。             自产品推入市场来，公司先后荣获国家科技部火炬中心“十二五科技创新成就展突出贡献奖”、新浪教育“2016教育行业人工智能创新突破应用奖”、成都大数据产业联盟“2016年度成都大数据行业创新企业十强”等奖项，产品市场价值和技术突破获得了各界认可和肯定。             目前公司正在全国乃至全球寻找合作方及高端技术人才，我们正用开放的胸怀拥抱变化与未来，深入挖掘全国初等数学教育的市场需求，用人工智能推动教育领域内在变革，让准星AI教育产品成为全球基础教育中的标配平台。随着AI-MATHS今后在自然语言识别理解上逐个攻克难关，未来基于综合复杂逻辑推理的AI-MATHS将不仅应用在教育领域，并有望在金融、医疗、交通等多领域迁移应用，全球著名的综合逻辑推理智能化辅助平台将有望由中国引领，进而推动世界人工智能在多领域的应用。,成立日期：2014-09-19,计算机/互联网,本科,2018-05-31,"['岗位职责：', '1、负责数据库教育行业数据的清洗、生成及转换，以满足机器学习模型的训练要求；', '2、协助机器学习/深度学习算法模型的设计及实现。', '任职要求：', '1、本科及以上学历，计算机、电子信息、数学、统计学等相关专业，；', '2、熟悉C/C++，JAVA，Python一种或几种编程语言；', '3、熟悉数据库SQL语言；', '4、了解深度学习及机器学习相关模型的优先，如：CNN、RNN模型以及决策树、回归、贝叶斯、聚类等算法模型；', '5、了解或使用过tensorflow、caffe等机器学习算法库的优先。']",https://www.shixiseng.com/intern/inn_8v8fyz9pkmyc,机器学习实习生,150-500人,1周前,软件,3个月,2018-03-12 17:35:33,100-200/天
注册资本：3000万元人民币,北京,公司类型：其他有限责任公司,中科博宏（北京）科技有限公司,统一社会信用代码：91110108MA00F8R61F,引领金融、商业、交通、安防、互联网+等模块需求应用，铸就行业ONLY.1,https://www.shixiseng.com/com/com_udcrnat8lkyi,北京市安定路33号化信大厦A座1102室,https://sxsimg.xiaoyuanzhao.com/9C/BB/9C8119674631611BF4989838CD0353BB.png,中科博宏,http://www.biomhope.com,"['节日礼物', '发展空间', '氛围爆好', '五险', '创始团队成员', '资深大佬指导']",4天/周,中科博宏（北京）科技有限公司以生物识别及人工智能为主要研究方向，以打造行业旗舰为发展目标，由中国科学院与自动化所、天津中科智能识别产业技术研究院与博宏信息技术有限公司共同组建，具备强大的研发能力及市场推广能力，能够为用户提供咨询、设计、开发、实施、集成、培训及售后等一条龙整体服务。,成立日期：2017-06-14,计算机/互联网,硕士,2018-08-01,,https://www.shixiseng.com/intern/inn_6s8g3ntxdc4h,高级机器学习算法工程师,50-150人,1周前,算法,6个月,2018-03-09 09:39:59,150-300/天
注册资本：1000 万元,北京,公司类型：有限责任公司(法人独资),链家网（北京）科技有限公司,注册号：110108019609409,链家是以数据驱动的全价值链房产服务平台，提供覆盖二手房、新房、海外房产、旅居房产等在内的房产交易服务,https://www.shixiseng.com/com/com_60shft65jy9o,北京市海淀区上地五街福道大厦,https://sxsimg.xiaoyuanzhao.com/4B/44/4B198EAACCA3631BD4423271A648FF44.png,链家网,http://join.lianjia.com,"['奖金高', '带薪休假', '有期权', '生日福利', '精英团队', '互联网', '高薪行业', '培养新人', '提供午餐', '无限量咖啡', '激情无限', '颜值高', '工作环境棒']",5天/周,​,成立日期：2015-08-03,"互联网,计算机/互联网",本科,2018-04-30,"['工作职责', '1、研究数据挖掘或统计学习领域的前沿技术,并用于实际问题的解决和优化； ', ' 2、大规模机器学习算法研究及并行化实现,为各种大规模机器学习应用研发核心技术；\r\n3、通过对数据的敏锐洞察,深入挖掘产品潜在价值和需求,进而提供更有价值的产品和服务,通过技术创新推动产品成长。', ' ', '任职资格', '1、热爱互联网，对技术研究和应用抱有浓厚的兴趣，有强烈的上进心和求知欲，善于学习和运用新知识； ', ' 2、具有以下一个或多个领域的理论背景和实践经验：机器学习/数据挖掘/深度学习/信息检索/自然语言处理/机制设计/博弈论； ', ' 3、至少精通一门编程语言，熟悉网络编程、多线程、分布式编程技术，对数据结构和算法设计有较为深刻的理解 ；\r\n4、良好的逻辑思维能力，对数据敏感，能够发现关键数据、抓住核心问题 ；\r\n5、较强的沟通能力和逻辑表达能力，具备良好的团队合作精神和主动沟通意识 \r\n具有以下条件者优先： \r\n6、熟悉文本分类、聚类、机器翻译，有相关项目经验 ；\r\n7、熟悉海量数据处理、最优化算法、分布式计算或高性能并行计算，有相关项目经验 。']",https://www.shixiseng.com/intern/inn_hljunc5gdxqf,机器学习/数据挖掘工程师,500-2000人,2周前,其他类型,3个月,2018-03-07 09:26:22,200-400/天
注册资本：4520万元美元,北京,公司类型：有限责任公司(外国法人独资),百度在线网络技术（北京）有限公司,组织机构代码：71774346-9,全球最大的中文搜索引擎、最大的中文网站,https://www.shixiseng.com/com/com_u55xcvuyvr4y,北京市海淀区上地十街十号百度大厦,https://sxsimg.xiaoyuanzhao.com/46/8A/46D396AF83EACD2C6EA9878D6FD6B88A.jpg,百度,,"['业界知名', '领导nice', '定向培养人才', '团队融洽有爱']",3天/周,百度（Nasdaq：BIDU）是全球最大的中文搜索引擎、最大的中文网站。2000年1月由李彦宏创立于北京中关村，致力于向人们提供“简单，可依赖”的信息获取方式。“百度”二字源于中国宋朝词人辛弃疾的《青玉案·元夕》词句“众里寻他千百度”，象征着百度对中文信息检索技术的执著追求。,成立日期：2000-01-18,互联网,本科,2018-04-05,,https://www.shixiseng.com/intern/inn_ncpi8u58matz,金融大数据实验室机器学习研究员,2000人以上,2周前,算法,4个月,2018-03-06 18:41:10,120-150/天
注册资本：5000万元,重庆,公司类型：有限责任公司(法人独资),中冶赛迪技术研究中心有限公司,注册号：500000000001677,中国钢铁工程建设的开拓者和引领者,https://www.shixiseng.com/com/com_dzz33ls1dayd,重庆市渝北区汇金路11号,https://sxsimg.xiaoyuanzhao.com/A7/53/A765765804BE975E784155C9F7497C53.png,赛迪技术,http://www.cisdigroup.com.cn/,[],5天/周,"
——中冶赛迪集团中冶赛迪集团有限公司是世界500强企业——中国冶金科工集团（央企）的子公司，是集应用技术研发、经济技术咨询、规划设计、工程总承包、成套装备、工程监理、技术服务于一体的工程技术服务集团，2015年勘察设计行业全国设计院排名第39位，2015年中国软件业务收入排名第22位。——中冶赛迪技术研究中心有限公司（简称“赛迪技术”）中冶赛迪技术研究中心有限公司是中冶赛迪集团全资子公司，是国家级的钢铁冶炼装备系统集成工程技术研究中心，承担集团前瞻、共性技术研究，负责急难和重大问题攻关以及集团级核心产品、新材料和新工艺开发，目前正致力于工业大数据产品开发、智能制造技术研究。公司下设21个研究所/室，近200名专职研发人员，其中硕士占65%，博士占15%。建有博士后科研工作站，与清华大学、北科大等建立有联合研究所，公司研发经费充足、科研实力雄厚，200多项成果获国家及部、省级奖励，获专利授权700余项。
",成立日期：2009-06-15,其他,本科,2018-04-30,"['工作职责：', '1）利用数据挖掘、机器学习相关算法，解决核心业务需求；', '2）编写、优化核心算法代码，应用于线上产品功能。', '任职要求：', '1）具备较强的数学功底；', '2）思维敏锐，逻辑能力强，良好的敬业精神与团队精神，乐于学习以及热爱技术研发；', '3）具备机器学习或数据挖掘算法基础者优先；', '4）有R语言等开发实际应用项目经验者优先；', '5）有C语言等开发实际应用项目经验者优先。']",https://www.shixiseng.com/intern/inn_ii4ueefp6u6b,数据挖掘/机器学习,150-500人,2周前,数据挖掘,5个月,2018-03-05 15:50:18,100-160/天
注册资本：16357.3722万美元,上海,公司类型：有限责任公司(外国法人独资),博世（中国）投资有限公司,注册号：100000400008146,世界500强，汽车行业一级供应商,https://www.shixiseng.com/com/com_frehatgpljqf,上海,https://sxsimg.xiaoyuanzhao.com/64/0E/64451C5C8DDF405439D70C5E37472F0E.png,博世,,[],3天/周,"博世集团是世界领先的技术及服务供应商。在汽车技术、工业技术、消费品和建筑智能化技术领域，博世集团约275,000名员工在2009财政年度创造了约382亿欧元的销售业绩。集团包括罗伯特·博世公司（Robert Bosch GmbH）及其遍布60多个国家的300 多家分公司和区域性公司。如果将其销售和服务伙伴计算在内，博世的业务遍及约150个国家。这一全球性的研发、制造和销售网络为其进一步发展奠定了基础。博世每年在研发方面的投入超过 35亿欧元，在世界范围内申请约 3,800项专利。通过其产品和服务，博世为人们提供创新有益的解决方案，从而提高他们的生活质量。
公司是由罗伯特·博世(1861-1942)于1886年在斯图加特创立，当时名为 “精密机械和电气工程车间” 。博世集团独特的所有权形式保证了其财政独立和企业发展的自主性，使集团能够进行长期战略规划和前瞻性投资以确保其未来发展。慈善性质的罗伯特·博世基金会拥有罗伯特·博世集团92%的股权，集团的多数投票权由罗伯特·博世工业信托公司负责。该信托公司也行使企业所有权职能。其余股份则分属博世家族和罗伯特·博世有限公司。
【博世中国】
博世集团于1909年在中国开设了第一家贸易办事处，1926年在上海创建首家汽车售后服务车间。时至今日，集团的三大业务部门均已落户中国：汽车技术、工业技术、消费品和建筑智能化技术。博世在中国目前经营着47家公司，并在上海设有博世(中国)投资有限公司。2009年博世在华合并销售额达274亿人民币。约21,200多名中国员工全心全意为中国的顾客提供最先进的技术以及最可靠的服务，以改善人们的生活质量。
中国在博世集团的业务中起着日益重要的作用。作为继德国和美国之后销售额最高的市场，2009年，博世中国占集团除德国以外海外总销售额的10%。在亚太区，中国位列第一，占亚太区总销售额的37%。博世在中国市场的强劲发展势头得益于公司将战略发展方向与中国可持续发展和低碳经济目标紧密相结合。如今，节能环保的创新目标贯穿于博世中国的三大业务领域，产品和解决方案涉及范围从清洁柴油系统、动力总成电气化、风力发电齿轮箱、热泵、节能家用电器到锂电池电动工具。",成立日期：1999-01-11,制造,硕士,2018-04-04,,https://www.shixiseng.com/intern/inn_upifv1jbbyy2,机器学习算法研发（实习生）,2000人以上,2周前,算法,6个月,2018-03-05 11:15:10,115-145/天
注册资本：1000 万元,北京,公司类型：有限责任公司(法人独资),链家网（北京）科技有限公司,注册号：110108019609409,链家是以数据驱动的全价值链房产服务平台，提供覆盖二手房、新房、海外房产、旅居房产等在内的房产交易服务,https://www.shixiseng.com/com/com_60shft65jy9o,北京市海淀区,https://sxsimg.xiaoyuanzhao.com/4B/44/4B198EAACCA3631BD4423271A648FF44.png,链家网,http://join.lianjia.com,"['奖金高', '带薪休假', '有期权', '生日福利', '精英团队', '互联网', '高薪行业', '培养新人', '提供午餐', '无限量咖啡', '激情无限', '颜值高', '工作环境棒']",3天/周,​,成立日期：2015-08-03,"互联网,计算机/互联网",本科,2019-03-01,"['工作职责', '1、研究数据挖掘或统计学习领域的前沿技术,并用于实际问题的解决和优化； ', ' 2、大规模机器学习算法研究及并行化实现,为各种大规模机器学习应用研发核心技术；\r\n3、通过对数据的敏锐洞察,深入挖掘产品潜在价值和需求,进而提供更有价值的产品和服务,通过技术创新推动产品成长。', ' ', '任职资格', '1、热爱互联网，对技术研究和应用抱有浓厚的兴趣，有强烈的上进心和求知欲，善于学习和运用新知识； ', ' 2、具有以下一个或多个领域的理论背景和实践经验：机器学习/数据挖掘/深度学习/信息检索/自然语言处理/机制设计/博弈论； ', ' 3、至少精通一门编程语言，熟悉网络编程、多线程、分布式编程技术，对数据结构和算法设计有较为深刻的理解 ；\r\n4、良好的逻辑思维能力，对数据敏感，能够发现关键数据、抓住核心问题 ；\r\n5、较强的沟通能力和逻辑表达能力，具备良好的团队合作精神和主动沟通意识 \r\n具有以下条件者优先： \r\n6、熟悉文本分类、聚类、机器翻译，有相关项目经验 ；\r\n7、熟悉海量数据处理、最优化算法、分布式计算或高性能并行计算，有相关项目经验 。']",https://www.shixiseng.com/intern/inn_bktkqf8y1o6b,机器学习/数据挖掘工程师【实习岗】,500-2000人,2周前,其他类型,3个月,2018-03-01 16:14:46,200-400/天
注册资本：5500万元人民币,北京,公司类型：有限责任公司(自然人投资或控股),北京微梦创科网络技术有限公司,注册号：110108013111119,微博是一个由新浪网推出，提供微型博客服务类的社交网站,https://www.shixiseng.com/com/com_jriuayyd3ndq,北京市海淀区西北旺东路10号院西区8号楼新浪总部大厦,https://sxsimg.xiaoyuanzhao.com/0E/C4/0EEC59D3D7B513647909996EC47053C4.jpg,新浪微博,http://www.weibo.com,"['法定假期', '资深大佬指导', '很少加班', '氛围好环境好', '学习成长', '免费健身房', '导师制', '团队领导非常nice', '高薪资高挑战', '热门领域']",3天/周,微博是一个由新浪网推出，提供微型博客服务类的社交网站。用户可以通过网页、WAP页面、手机客户端、手机短信、彩信发布消息或上传图片。新浪可以把微博理解为“微型博客”或者“一句话博客”。用户可以将看到的、听到的、想到的事情写成一句话，或发一张图片，通过电脑或者手机随时随地分享给朋友，一起分享、讨论；还可以关注朋友，即时看到朋友们发布的信息。,成立日期：2010-08-09,互联网,本科,2018-03-30,"['工作内容：', '1、微博热点相关挖掘；', '2、情感挖掘／文本挖掘等。', '3、热门微博策略。', '要求：', '1、实习四个月以上，工作时间3天以上／每周 ；', '2、熟悉常用机器学习算法，比如：分类、聚类、时间序列预测算法，CNN、RNN等；', '3、熟练使用python编程语言。', '4、有阅读前沿论文的能力，英文文献阅读能力。', '5、【数据极客】社区，完成《深度学习》课程的学生优先', '6、熟悉tensorflow、pytorch深度学习框架者优先；']",https://www.shixiseng.com/intern/inn_ts4t9nb3rmla,数据挖掘／机器学习／深度学习实习生,2000人以上,2周前,算法,7个月,2018-03-01 12:01:45,200-300/天
注册资本：1250万美元,北京,公司类型：有限责任公司(台港澳法人独资),百度（中国）有限公司,注册号：310115400176517,全球最大的中文搜索引擎,https://www.shixiseng.com/com/com_i9ffgurfxbhs,百度科技园,https://sxsimg.xiaoyuanzhao.com/D6/AA/D6B364EB408649F1DA7A5C6BBFE47DAA.jpg,百度,http://www.baidu.com,[],4天/周,全球最大的中文搜索引擎、致力于让网民更便捷地获取信息，找到所求。百度超过千亿的中文网页数据库，可以瞬间找到相关的搜索结果。,成立日期：2005-06-06,互联网,本科,2018-04-30,['－有机器学习、PAAS、微服务架构、虚拟化、分布式计算或存储项目经验者优先'],https://www.shixiseng.com/intern/inn_zwwxplyovswn,百度云开发测试工程师（存储／虚拟化／机器学习方向）,2000人以上,2周前,测试,6个月,2018-03-01 11:37:16,150-200/天
注册资本：50 万元,北京,公司类型：有限责任公司(自然人投资或控股),北京集思互联教育咨询有限公司,注册号：110111015607878,在线项目制学习直播小班课品牌,https://www.shixiseng.com/com/com_abe8ppdf5djn,北京市东城区朝阳门内大街2号朝阳门SOHO6层611,https://sxsimg.xiaoyuanzhao.com/DC/05/DC06885AAC8938D966CD78F606612F05.jpg,集思学院,http://www.globaleducon.cn,"['团队充满活力', '北京实习', '发展', '提倡创新', '每日提供水果', '有下午茶歇', '靠谱团队', '品牌客户', '使命必达', '公司内部培训']",5天/周,集思学院隶属于北京集思互联教育科技有限公司，是由哥伦比亚大学和哈佛大学校友创立。通过共享美国优质教授和共享华尔街投行高管、硅谷科技公司高级工程师的盈余时间，为用户提供远程助研、远程实训，与导师进行面对面沟通的项目制学习方式。让普通中国学生都有机会师从业界最顶尖的名校老师做项目，跟随华尔街最资深的银行家和分析师、硅谷科技公司高级工程师做实践，帮助解决教育资源不均衡的现状。http://gec.globaleducon.cn/wabout创始人和多位核心成员硕士毕业于哈佛大学、斯坦福大学、哥伦比亚大学等美国名校，并且有着CISCO、Google、Bank of America (BOA) 、Uber、财经、乐视等知名国际组织和企业管理和咨询海内外和国内顶尖财经杂志，知名互联网公司工作的经历。集思学院的主讲导师基本全部来自于美国TOP 20的名校及行业内资深人士，目前已经与80多位教授及行业专家达成了稳定合作，导师主要来自哈佛大学、斯坦福大学、哥伦比亚大学，包括华尔街资深投行高管专家（JP Morgan、Bank of America、UBS）、硅谷高级工程师（IBM、Google、Facebook、Intel、Yahoo），其余导师主要集中在如加州大学伯克利分校、加州大学圣迭戈分校、康奈尔大学等高校。除了丰富的名师资源，集思学院还与部分美国顶尖实验室有良好的合作关系，如加州大学圣迭戈分校生物化学材料实验室、哥伦比亚大学全球中心、斯坦福大学设计学院K-12 Lab等学术机构。五险一金，免费体检，年节礼品礼金，零食水果供应，团建出游，员工生日轰趴免费前沿知识分享，与大咖牛人共事，陪家人假期，不定期加薪，轮岗多元职业发展海外（美国）分公司轮岗及进修免费学习英语。公司成立于2016年，并于2017年底获得超千万级A轮融资，本轮投资为国内一线基金和大型教育机构共同完成，公司估值亿元。,成立日期：2013-01-29,计算机/互联网,硕士,2019-03-30,,https://www.shixiseng.com/intern/inn_0hbtb4lzqjco,机器学习助教,50-150人,2周前,教育,3个月,2018-02-28 17:50:52,150-200/天
注册资本：7326万,珠海,公司类型：有限责任公司(法人独资),珠海金山办公软件有限公司,注册号：440400000191706,中国民族软件产业的代表性作品,https://www.shixiseng.com/com/com_zuniflpbaqpc,广东省珠海市香洲区唐家前岛环路321号金山软件园,https://sxsimg.xiaoyuanzhao.com/FA/5D/FAF7F232AFEA40CC6696AC18032AF05D.png,金山WPS,http://www.wps.cn,"['平台好', '技术牛', '福利佳', '产品棒']",5天/周,金山办公为金山软件下属子公司，产品是WPS Office及办公相关周边产品。WPS Office是中国民族软件产业的代表性作品。    研发团队广泛分布于珠海、北京、广州三地，同时，公司还在美国设立办事处，时刻与硅谷一流的技术人才进行互动交流。    WPS Office全球用户在移动和PC端月活双双破亿，会员数翻数倍，WPS泰文版正式发布开启国际化征程，这份耀眼的成绩不仅代表广大用户对WPS的支持和认可，也在WPS产品发展史上留下辉煌的印记！,成立日期：2009-10-22,计算机/互联网,不限,2018-03-30,,https://www.shixiseng.com/intern/inn_dhngr04capsu,AI机器学习工程师,500-2000人,2周前,Java,3个月,2018-02-28 15:04:11,150-300/天
注册资本：1000 万元人民币,成都,公司类型：有限责任公司(自然人投资或控股),成都博智维讯信息技术有限公司,注册号：510109000089999,提供“互联网+”全方位解决方案 app定制开发，电商，SAP/ERP，移动应用，微商城等全套互联网解决方案提供商。,https://www.shixiseng.com/com/com_ooztfhiaai8c,成都市高新区蜀都中心一期二栋1006,https://sxsimg.xiaoyuanzhao.com/56/35/56B67DEEA875CBC81A2D28A38474EC35.jpg,博智信息,http://www.biz-united.com,"['大牛团队', '有餐补', '良好工作环境']",5天/周,"
",成立日期：2007-02-01,计算机/互联网,本科,2018-04-22,"['1. 201', '8', '2. 数学、计算机、信息技术等相关专业。', '3. 有机器学习相关基础，熟悉常用机器学习和数据挖掘算法，熟悉python。', '4', '/深度学习方法和技术，深入挖掘和分析海量商业数据。', '5']",https://www.shixiseng.com/intern/inn_nwhaecliu2ai,机器学习/深度学习实习生,150-500人,2周前,软件,6个月,2018-02-28 12:04:28,50-100/天
注册资本：257417.6314万元人民币,北京,公司类型：其他有限责任公司,北京京东金融科技控股有限公司,注册号：110302015220207,致力于为用户提供全方位金融解决方案,https://www.shixiseng.com/com/com_orx9gk9azc7i,北京市大兴区亦庄经济开发区京东集团总部,https://sxsimg.xiaoyuanzhao.com/38/61/38C5783CF3C725DB38158A503042E861.png,京东金融,http://jr.jd.com,"['同大牛交流', '团队好', '有压力，有挑战']",5天/周,"京东金融2013年7月开始独立运营，是京东集团“四驾马车”之一，现已成为京东集团增长最快的业务。京东金融经营多元化的互联网金融业务，依托京东电商平台十年来积累起来的交易数据记录和信用体系，致力于服务京东全产业链，向企业和消费者，提供融资、理财、支付等各类互联网金融服务。
京东金融现已建立五大业务板块，分别是供应链金融、消费金融、众筹业务、理财业务及支付业务。陆续推出了京保贝、京东白条、网银钱包、小金库、京东众筹、京小贷等创新产品。未来，京东金融将开放合作，与传统金融机构、互联网金融创新公司和电商平台等互联网金融的合作伙伴谋求共赢，夯实金融平台门户基础。
京东金融始终以用户体验为出发点，不断创新出符合用户需求的互联网金融产品；以普惠金融为行动实践，携手传统金融机构，全力支持实体经济发展。",成立日期：2012-09-05,互联网,不限,2018-03-31,"['职位要求：实习生职位，每周5天至少3个月以上，2019年毕业的研究生', '岗位职责:', '1.负责图像识别和分类、机器学习、深度学习等相关算法的应用和实现；\xa0', '2.负责OCR、图像分类、物体识别等技术的产品实现。\xa0', '3.负责图像处理和图像识别的技术调研和研发。', '任职资格:', '1.有图像处理、机器学习相关的学习和研究经历优先，具有较好的数学和算法基础优先', '2.熟悉C/C++， Python等语言，有Tesseract，OpenCV，Caffe和TensorFlow等开发经验者优先', '3.有较强的工程实现的能力，能够将算法落地到实际的产品中\xa0', '4.能适应高强度加班，一定要有奋斗精神，有创新精神，有团队意识']",https://www.shixiseng.com/intern/inn_hswd0gghq7ah,机器学习实习生,2000人以上,3周前,软件,8个月,2018-02-26 17:39:39,200-260/天
注册资本：11.99 万元人民币,成都,公司类型：有限责任公司(自然人投资或控股),成都琛石科技有限公司,组织机构代码：07536518-6,国内领先的IT技术在线实训平台，提供编程、运维、测试、云计算、大数据等全面技术课程及在线实践环境。,https://www.shixiseng.com/com/com_jjdte7otxk4g,成都高新区天府软件园,https://sxsimg.xiaoyuanzhao.com/company_logo/2015-18/4HIgW3hO8ZSM0VN.png,实验楼,http://shiyanlou.com/,"['学习机会', '高逼格环境', '零食有的吃', '锻炼自我', '成长的好地方', '团队靠谱', '靠谱BOSS', '创造性强', '年轻活泼', '环境轻松']",3天/周,"实验楼在线教育( http://www.shiyanlou.com )是国内第一家以实验为核心的IT在线教育网站，通过动手实验学习IT技术。为IT相关专业的在校学生及从业者提供编程、运维、测试、云计算、大数据、数据库等全面的IT技术在线实践环境。
我们是一家很小的创业公司，在做一件很有意思的事情，为了实现一个很大的梦想，需要很牛的你加入。实验楼致力于为用户提供更优质的IT实验课程及更好的平台体验。在这里你可以接触到几乎所有热门IT技术，我们非常支持工作时间享用实验楼所有课程，学习不同技术，做不同的项目，你的成长才是我们成功的基础。",成立日期：2013-08-06,"互联网,软件",本科,2018-05-24,,https://www.shixiseng.com/intern/inn_9z3ms4bscdaq,机器学习实验设计实习生,15-50人,3周前,数据挖掘,6个月,2018-02-26 11:05:54,150-200/天
注册资本：20000万,广州,公司类型：有限责任公司(法人独资),广州虎牙信息科技有限公司,注册号：440126000724879,已获A轮融资的中国领先的互动内容提供商,https://www.shixiseng.com/com/com_xerxx57t205q,广州市番禺区南村镇万博二路79号万达商业广场北区B-1栋,https://sxsimg.xiaoyuanzhao.com/56/84/56730541EB86A01518282E6AACB59784.png,虎牙信息,http://hr.huya.com,"['发展空间大', '技术提升快', '大牛多', '活跃的工作环境', '转正机会', '已获A轮融资']",5天/周,​,成立日期：2016-08-10,计算机/互联网,硕士,2020-12-31,"['1、负责虎牙直播的机器学习内容识别工作；', '2、负责目标检测、分割、识别的算法研发、验证与开发；', '3、负责神经网络的构建、开发和优化。', '1、2018届计算机、数学及相关专业，硕士及以上学历；', '2、有图像处理\\模式识别\\计算机视觉\\机器学习相关背景；', '3、精通c\\c++，具有较强的编程能力；熟悉matlab\\python ；', '4、熟悉opencv、caffe等计算机视觉库；', '5、熟悉Linux平台者优先考虑；', '6、亲自实现过SVM、神经网络等机器学习算法，有深入研究者优先考虑；', '7、在人脸识别\\\\物体检测\\OCR\\图像语义分割等视觉领域做过实际项目优先考虑；', '8、在国内外顶级计算机视觉会议和期刊上发表过论文的优先考虑。']",https://www.shixiseng.com/intern/inn_pzmetlm8anar,（2018届春招）机器学习算法工程师实习生,500-2000人,3周前,算法,7个月,2018-02-26 10:52:07,580-860/天
注册资本：20476.38万元人民币,深圳,公司类型：有限责任公司（法人独资）,平安科技（深圳）有限公司,注册号：440301503310230,中国平安保险（集团）股份有限公司旗下全资子公司,https://www.shixiseng.com/com/com_rxpyax0oz2bl,上海崂山路,https://sxsimg.xiaoyuanzhao.com/CD/CB/CDE1220DED778746ADB51211C77EB4CB.jpg,平安科技,http://www.pingan.com/,[],4天/周,平安科技（深圳）有限公司成立于2008年9月，是世界500强企业——中国平安保险（集团）股份有限公司旗下全资子公司，其前身为平安集团的信息管理中心。公司总部设在深圳，上海、成都设有分公司，目前已拥有2500多名专业IT技术人员和IT管理专家。平安科技在金融保险行业内被誉为黄埔军校，培养了许多业内的精英技术人才。平安科技的成立是平安集团在IT领域的里程碑事件之一，标志着中国平安向IT专业化领域迈进，并开启“科技引领金融”的探索模式。,成立日期：2008-05-30,金融,硕士,2018-05-18,"['这里会给你提供大数据分析、金融分析、模型分析等三位一体的全方位培养，参与大数据项目，真正的告诉你大数据到底长什么样，金融科技到底是什么，实现金融与科技完美结合。', '岗位职责：', '运用机器学习模型挖掘量化指标', '专业技能要求：', '1. 扎实的统计、数值优化基础，对特征工程、集成学习、深度学习等方面有着深入理解；', '2. 有数据挖掘经验者优先，熟悉常用机器学习框架sklearn、tensorflow者优先；熟悉分布式系统计算、存储者优先。', '业务知识要求：', '1. 计算机/统计/通信等专业;', '2. 熟悉Python语言，熟悉Linux系统', '其他：', '1.计算机、物理、数学、统计等相关专业硕士及以上学历（特别优秀者学历要求可适当放宽至本科）', '2.有独立的思考能力和解决问题的能力；', '3.学习能力强，接受新知识速度快；', '4.工作细致、沟通协调能力良好；']",https://www.shixiseng.com/intern/inn_gejpg3qqyjdb,机器学习工程师实习生,2000人以上,3周前,软件,6个月,2018-02-24 15:25:14,200-300/天
注册资本：204.0816万元人民币,北京,公司类型：有限责任公司(自然人投资或控股),远形时空科技（北京）有限公司,注册号：110108021152417,一家视觉SLAM技术公司,https://www.shixiseng.com/com/com_ppg3tltocikm,海淀区王庄路清华同方科技广场D座705室,https://sxsimg.xiaoyuanzhao.com/61/65/61AA24A74EE61CC973C0F54EB3DF2465.png,远形时空,http://www.hyperci.com,"['发展机会', '靠谱创业团队', '可观的实习补贴', '团队牛', '自由氛围']",5天/周,远形时空科技开发用于智能设备的视觉感知传感器和配套的软件解决方案。产品可以广泛应用于智能机器人/无人机/增强现实等产品，提供高精度，稳定可靠的定位导航等功能。       核心技术团队来自于清华和其他顶级高校，并在此领域有多年研究和产业经验。       2016年7月获得鉴睿投资基金，泰有投资基金等数百万天使轮投资。目前已经组建了一支围绕核心视觉算法进行视觉传感器软硬件产品开发为一体的顶级技术团队,成立日期：2016-05-05,计算机/互联网,本科,2019-03-22,,https://www.shixiseng.com/intern/inn_zpa77asdnvj9,机器学习算法工程师,少于15人,3周前,半导体/芯片,6个月,2018-02-22 16:04:32,200-299/天
注册资本：310万美元,上海,公司类型：有限责任公司(外国法人独资),奥可纳软件技术（上海）有限公司,注册号：310141400011759,程序化交易系统开发平台,https://www.shixiseng.com/com/com_7ia5wrswroom,上海市浦东新区国展路华电大厦701室,https://sxsimg.xiaoyuanzhao.com/8E/4E/8E88B52F3CA18E32CB7D6C64722BE64E.png,Akuna Capital,http://www.akunacapital.com,[],5天/周,"Akuna Capital is a derivatives trading firm headquartered in downtown Chicago that specializes in market making and arbitrage.  Akuna started with five employees in 2011 and we now have over 140. In 2014 we grew by 84%, opening our first international office in Shanghai. We compete directly with the largest market making and arbitrage firms in the world. We develop our own software strategies, algorithms, and models. We also have floor traders so we are not entirely an electronic firm. We have no clients and trade only using the firm’s own money from its partners. We use cutting-edge technology to build our low latency platform.",成立日期：2014-07-18,金融,本科,2018-07-01,"['【实习】量化研究员-机器学习 - 金融科技 - Akuna Capital', '·\xa0\xa0\xa0\xa0\xa0\xa0\xa0\xa0 你对自动化交易有兴趣吗？', '·\xa0\xa0\xa0\xa0\xa0\xa0\xa0\xa0 你对加密数字货币交易系统有兴趣吗？', '·\xa0\xa0\xa0\xa0\xa0\xa0\xa0\xa0 你对做市商有兴趣吗？', '·\xa0\xa0\xa0\xa0\xa0\xa0\xa0\xa0 你对运用数学，机器学习到量化交易中有兴趣吗？', '【关键技能】Python coding, Math, machine learning, English', 'Akuna 是一家年轻且不断成长的交易公司, 总部位于美国芝加哥，成立于2011年，在上海，悉尼，波士顿设有分部，有180多人。专注于前沿的技术、数据驱动决策和自动化交易。我们的核心竞争力是作为一个期权做市商为市场提供流动性 - 意味着我们为金融交易提供有竞争力的报价。为实现这一目标，我们自主设计研发低延迟高性能交易系统、研究交易策略和构建数学模型。这里是技术和市场结合最前沿的地方。', 'Akuna的量化团队通过将量化专业知识与对衍生品和金融市场的复杂理解结合起来, 科学地创造交易策略。量化研究实习生将应用和开发机器学习算法, 以促进 Akuna 的战略组合。', '【实习职责】', '·\xa0\xa0\xa0\xa0\xa0\xa0\xa0\xa0\r\n使用统计和机器学习算法制定交易策略', '·\xa0\xa0\xa0\xa0\xa0\xa0\xa0\xa0\r\n设计和实现组合结构的优化算法', '·\xa0\xa0\xa0\xa0\xa0\xa0\xa0\xa0\r\n推进现有的交易研究和策略, 探索新的交易研究的机会', '【要求】', '·\xa0\xa0\xa0\xa0\xa0\xa0\xa0\xa0\r\n统计学、计算机、数学\r\n(或相关学科) 的本科， 硕士或博士学位', '·\xa0\xa0\xa0\xa0\xa0\xa0\xa0\xa0\r\n具备统计和机器学习方面的专业知识', '·\xa0\xa0\xa0\xa0\xa0\xa0\xa0\xa0\r\nPython\r\n编程技能 (C++ 是一个加分项)', '·\xa0\xa0\xa0\xa0\xa0\xa0\xa0\xa0\r\n实际使用真实数据集的经验', '·\xa0\xa0\xa0\xa0\xa0\xa0\xa0\xa0\r\n金融经验不是必要条件', '·\xa0\xa0\xa0\xa0\xa0\xa0\xa0\xa0\r\n2019年毕业', '【地址】上海世博园 \xa0']",https://www.shixiseng.com/intern/inn_tubiqcz50tqa,【实习】量化研究员-机器学习,15-50人,1月前,软件,3个月,2018-02-09 15:16:17,250-350/天
注册资本：1300万美元,广州,公司类型：有限责任公司(台港澳法人独资),广州博冠信息科技有限公司,注册号：440101400028573,中国领先的游戏开发公司,https://www.shixiseng.com/com/com_7gqhlkuo5u7t,广州市天河区科韵路信息港网易大厦,https://sxsimg.xiaoyuanzhao.com/BE/3E/BE63BDD5923763403FBCE1B52528D73E.jpg,网易游戏,http://game.163.com/love/,[],4天/周,网易2001年正式成立在线游戏事业部，经过近20年的快速发展，网易的品牌价值已超过13亿美元，并跻身全球七大游戏公司之一。作为中国领先的游戏开发公司，网易一直处于网络游戏自主研发领域的前端。2001年，网易曾成功推出中国第一款大型多人在线游戏，这在中国网游发展史中具有里程碑式的意义。近年来，伴随着手游的强势发展，网易游戏加强了手游的研发力度，不断推出精品手游，并且多款手游获得百万玩家同时上线。2015年网易游戏以“游戏热爱者”的口号重新诠释其形象，不仅仅定位于游戏平台和服务提供商，而是和所有的玩家一样，是一个有血有肉的游戏爱好者“。在倡导“游戏的魅力，去热爱才会懂”的同时，网易游戏正在用自己对游戏的理解和热爱，去不断创作更多值得玩家热爱的产品。,成立日期：2003-12-08,互联网,本科,2018-04-10,"['您可以：', ' - 从事机器学习/深度学习在视频直播领域应用的研究和开发工作，如用户行为分析，推荐系统，智能机器人，人脸识别，手势识别等等；', ' - 负责机器学习/深度学习领域前沿算法及框架跟踪，搭建面向线上应用的机器学习/深度学习计算平台；', ' - 针对用户进行特征采集与建模分析，深入优化用户直播观看体验；', ' - 挖掘深度学习在视频直播中的应用价值。']",https://www.shixiseng.com/intern/inn_lddw4kmeyjyq,机器学习实习生,2000人以上,1月前,软件,6个月,2018-02-08 11:21:43,100-150/天
注册资本：217128万元人民币,北京,公司类型：有限责任公司(自然人投资或控股),北京百度网讯科技有限公司,注册号：110108002734659,全球最大的中文搜索引擎、最大的中文网站,https://www.shixiseng.com/com/com_ll8uyo9rfefe,上海研发中心,https://sxsimg.xiaoyuanzhao.com/3E/3D/3E1F42C4AC29CDADFB729234AF43E03D.jpg,百度,http://www.baidu.com,"['氛围爆好', '舒适的办公环境', '领导NICE', '精英多多', '咖啡茶水自助', '自由氛围', '法定节假日']",5天/周,百度（纳斯达克：BIDU），全球最大的中文搜索引擎、最大的中文网站。百度拥有数万名研发工程师，这是中国乃至全球最为优秀的技术团队。这支队伍掌握着世界上最为先进的搜索引擎技术，使百度成为中国掌握世界尖端科学核心技术的中国高科技企业，也使中国成为美国、俄罗斯、和韩国之外，全球仅有的4个拥有搜索引擎核心技术的国家之一。,成立日期：2001-06-05,计算机/互联网,本科,2018-10-28,"['【工作职责】', '-基于大规模用户行为，以效果为目标，建立并优化推荐系统的基础算法和策略', '-应用机器学习等尖端技术，针对海量信息建模，挖掘潜在商业价值', '-负责在线广告投放系统的核心技术创新与优化', '-提高在线广告的相关度、用户体验、投放效果及变现能力', '【任职资格】', '-良好的逻辑思维能力，和数据敏感度，能能够从海量数据中发现有价值的规律', '-具备大规模推荐系统的研发经验', '推荐算法设计和实现', '推荐系统评估方法研究', '-对', '、机器学习感兴趣，并有一定的理论和实践背景', '-具备良好的数据敏感度和大规模数据处理能力', '-优秀的分析和解决问题的能力，对挑战性问题充满激情', '-具备良好的团队合作精神，较强的沟通能力，具备良好的技术领导能力']",https://www.shixiseng.com/intern/inn_xv8gex1kbcce,上海_策略（机器学习/数据挖掘）实习生,2000人以上,1月前,算法,6个月,2018-01-30 15:20:30,170-220/天
注册资本：217128万人民币,北京,公司类型：有限责任公司(自然人投资或控股),北京百度网讯科技有限公司,注册号：110108002734659,全球最大的中文搜索引擎、最大的中文网站,https://www.shixiseng.com/com/com_cthh2oeh1yj6,"北京-百度科技园,上海-上研大厦",https://sxsimg.xiaoyuanzhao.com/0A/80/0A4DB3F4159F586B0E419CCFE6A34D80.png,百度,http://www.baidu.com,"['团队大牛云集', '免费茶饮', '专业', '团队专业', '有文化', '福利待遇好']",5天/周,百度核心价值: 为人们提供最便捷的信息获取方式 百度狂热的追求更好的搜索技术，追求给网民带来最好的搜索体验，追求为人们提供最便捷的信息获取方式。百度的使命：为互联中国提供及时、丰富的信息，为网友提供最好的上网体验，改变人们的生活方式。核心价值观： 永远保持创业激情；每一天都在进步；容忍失败，鼓励创新；充分信任，平等交流。百度力求保持这种简洁的公司文化，无论今后百度如何的发展和壮大，都会以恒久的激情保持创业时期的那种没有繁文缛节的条纹约定、扁平的组织结构、以结果为导向的高效决策方式。每一天都在进步！,成立日期：2001-06-05,互联网,本科,2018-04-30,"['【工作职责】', '-基于大规模用户行为，以效果为目标，建立并优化推荐系统的基础算法和策略\xa0', '-应用机器学习等尖端技术，针对海量信息建模\xa0', '-挖掘潜在商业价值', '-负责在线广告投放系统的核心技术创新与优化\xa0', '-提高在线广告的相关度、用户体验、投放效果及变现能力', '【任职资格】', '-良好的逻辑思维能力，和数据敏感度，能能够从海量数据中发现有价值的规律\xa0', '-具备大规模推荐系统的研发经验(推荐算法设计和实现/推荐系统评估方法研究)\xa0', '-对AI、机器学习感兴趣，并有一定的理论和实践背景\xa0', '-具备良好的数据敏感度和大规模数据处理能力\xa0', '-优秀的分析和解决问题的能力，对挑战性问题充满激情\r\n-具备良好的团队合作精神，较强的沟通能力，具备良好的技术领导能力']",https://www.shixiseng.com/intern/inn_b8p96wjh9xk4,策略（机器学习/数据挖掘）实习生,2000人以上,1月前,数据挖掘,6个月,2018-01-25 12:04:34,170-220/天
注册资本：22000万美元,厦门,公司类型：有限责任公司(台港澳法人独资),厦门美图之家科技有限公司,组织机构代码：07284766-5,中国领先的移动互联网平台公司,https://www.shixiseng.com/com/com_8uadfveeg9wt,厦门市思明区软件园二期望海路8号楼,https://sxsimg.xiaoyuanzhao.com/C1/26/C194DFB8660F21DFEC27A9C6DC095526.png,美图公司,http://www.meitu.com,['火速成长'],5天/周,我们，拥有近10亿移动端用户，是中国领先的移动互联网平台公司。2008年成立以来，我们围绕着“美”创造了美图秀秀、美颜相机、美拍、美图手机等一系列软硬件产品，要让“让世界变得更美”。我们，是美图。在寻找，和我们一样的你。加入美图，让工作更好玩！,成立日期：2013-10-14,互联网,本科,2018-06-10,"['部门介绍：', '工作职责：', '负责深度学习云平台的产品后端开发。', '负责项目后端服务业务逻辑开发与优化。', '职业发展方向:\xa0', '可成为懂AI的全栈工程师或架构师', '任职资格：', '1. 基本的后端能力（Python），能做基本的业务开发。', '2. 自我驱动，有技术追求。', '3. 对云平台开发感兴趣。', '对以下任一项熟悉的优先：', '1. docker或相关容器技术。', '2. 对k8s或者mesos等资源调度框架熟悉。']",https://www.shixiseng.com/intern/inn_x27o4tlwcuf7,服务端工程师(机器学习平台) --厦门,500-2000人,2月前,软件,12个月,2018-01-19 10:55:38,150-200/天
注册资本：333.333万,济南,公司类型：其他有限责任公司,济南观澜数据技术有限公司,注册号：370127200066765,致力于成为中国领先的大数据和云计算核心技术和解决方案提供商,https://www.shixiseng.com/com/com_flme1cfall9r,山东济南市高新区舜泰广场1号楼西区1105室,https://sxsimg.xiaoyuanzhao.com/4D/7A/4DE9D15FBBD01664DB53B98DF469877A.png,观澜数据,http://www.gl-data.com,"['股权', '公司氛围友爱', '导师带教制', '高效团队', '本科及以上', '发展迅速', '跨国技术团队', '锻炼机会', '带薪实习', '学习平台广']",5天/周,"济南观澜数据技术有限公司是由海外回国的“泰山学者”、“泉城特聘专家”创建，专注于大数据行业应用领域，是国内屈指可数的具备从底层平台、中间业务功能开发到高端数据分析挖掘的全栈服务能力的团队。
公司掌握大数据底层平台核心技术，其中海量数据分布式实时流处理技术（Stream Processing）达到国际先进水平，独立开发了具有自主知识产权的TariDB大数据平台，拥有美国专利3项、中国发明专利3项,著作权9项，曾完成了全国公安行业首例”云计算-分布式”大数据的落地应用（公安部评价），拥有包括中国计算机学会大数据专家委委员、国际期刊Information Systems (Elsevier)编委、Apache Spark开源项目全球核心贡献者（core contributor），国内Top5等多位理论和应用顶级人才。
公司近3年持续盈利，收入、利润年均复合增长率在100%以上；通过“双软企业”认证，享受税收减免政策。
公司正在申请国家高新技术企业，并与政府参与的创投基金签署了千万元的投资协议，完成了新一轮的融资，下一步将发挥观澜数据的技术优势，以满足客户需求为中心，重点切入对大数据需求度较高的细分行业，发挥行业标杆案例和市场团队的影响力，按照“做项目”、“卖产品”、“卖服务”、“数据运营”模式循序渐进，横向拓展，发展成为国内大数据行业应用的领军企业。
观澜数据热忱欢迎您的加入，期待与您共享成长的喜悦！",成立日期：2012-12-03,软件开发,硕士,2018-06-30,"['岗位职责：', '1、按照需求对海量数据进行清洗和预处理；', '2、使用经典机器学习和数据挖掘算法，通过对业务数据进行建模，从而分析、预测用户行为；', '3、对自然语言文本进行内容抽取，构建知识图谱。', '任职要求：', '1、本科及以上学历，数学、统计学等相关专业，优秀应届毕业生也可考虑；', '2、', 'Python、R语言等，有数据挖掘、机器学习、算法基础优先。']",https://www.shixiseng.com/intern/inn_p5l1ikc8lt2d,机器学习,50-150人,2月前,算法,14个月,2018-01-15 10:16:24,150-200/天
注册资本：50 万元,北京,公司类型：有限责任公司(自然人投资或控股),增长引擎（北京）信息技术有限公司,注册号：110108020838088,企业级互联网服务提供商,https://www.shixiseng.com/com/com_5panl6bgoi0o,北京市东城区方家胡同46号C座,https://sxsimg.xiaoyuanzhao.com/DA/A5/DAB008CB1B6BC3CC14E0D96251AA1AA5.png,增长引擎,http://GrowthEngine.co,"['交通方便', '团队优秀', '办公气氛自由', '靠谱', '空间大', '学到东西多', '优秀实习环境', '高成长', '资源多', '优秀留用']",5天/周,我们是一个名叫增长引擎(engyne.net)的SaaS创业公司。大家都知道SaaS是在投资上去年开始火，今年会很火的领域。公司目前由在微软、华为、百度、谷歌等公司有多年经验的清华、北航、复旦毕业生组成。全都是资深工程师背景。我们手上有运营商的大数据。目前项目进行顺利，但是需要你的加盟，加速增长。,成立日期：2016-03-16,计算机/互联网,不限,2018-03-30,"['这是一个在北京的互联网企业级软件即服务/SaaS公司。企业级互联网软件是最近业务需求、投资上都很火的领域。\xa0\xa0\xa0\xa0\xa0', '\xa0\xa0', '增长引擎由在微软、华为、百度等公司有多年经验的清华、北航、北大、北邮毕业生组成。均为资深工程师、产品经理、商务拓展背景。目前产品、业务在急速扩展之中，\xa0\xa0\xa0\xa0\xa0\xa0', '\xa0\xa0\xa0\xa0\xa0\xa0\xa0\xa0\xa0\xa0\xa0\xa0', '公司因业务需要，招聘 有经验的 机器学习 - 人工智能 - 大数据分析\xa0\xa0\xa0\xa0\xa0\xa0', '\xa0\xa0\xa0\xa0\xa0\xa0\xa0\xa0\xa0\xa0\xa0\xa0\xa0\xa0', '您可以得到：\xa0\xa0\xa0\xa0\xa0\xa0\xa0', '- 通过与大牛共同工作，深刻理解全球最新的技术栈\xa0\xa0\xa0\xa0\xa0\xa0', '- 掌握大公司里的开发流程、方法\xa0\xa0\xa0\xa0\xa0\xa0', '- 获得全职工作的机会\xa0\xa0\xa0\xa0\xa0\xa0', '- 熟练掌握业界最先进的开发技术\xa0\xa0\xa0\xa0\xa0\xa0', '\xa0\xa0\xa0\xa0\xa0\xa0\xa0\xa0\xa0\xa0\xa0\xa0', '需要您：\xa0\xa0\xa0\xa0\xa0\xa0\xa0\xa0\xa0\xa0\xa0\xa0', '\xa0\xa0', '\xa0', '- 会至少一门数据处理语言', '- 有异常检测、RNN或其他机器学习、数据挖掘经验', '- 非常熟悉Linux环境\xa0 \xa0 \xa0', '\xa0\xa0\xa0\xa0\xa0\xa0\xa0\xa0\xa0\xa0\xa0', '人在北京，每周能来公司4天。\xa0\xa0\xa0\xa0\xa0', '\xa0\xa0\xa0\xa0\xa0\xa0\xa0\xa0\xa0\xa0\xa0\xa0\xa0\xa0\xa0\xa0\xa0\xa0\xa0\xa0\xa0', '坐标，安定门内一环境优美的胡同大院内。 交通便利。 待遇从优。']",https://www.shixiseng.com/intern/inn_mwkkpnhr6hgs,机器学习-人工智能-大数据分析,15-50人,2月前,云计算/大数据,3个月,2018-01-10 00:00:26,150-300/天
注册资本：1075.2688万元人民币,北京,公司类型：有限责任公司(自然人投资或控股),北京易道博识科技有限公司,注册号：110108015730216,一家专注于机器视觉领域技术的研究和商业自动化应用的人工智能公司,https://www.shixiseng.com/com/com_g5bvslqkxs09,北京市海淀区农大南路1号硅谷亮城2号A座楼701,https://sxsimg.xiaoyuanzhao.com/41/7B/417F5CB1EB96D37F2BFC74007AF7F47B.jpg,易道博识,http://www.exocr.com,"['视觉算法', '人工智能', '已经盈利', '良好工作环境', '培训体系', '挑战']",4天/周,易道博识是一家专注于机器视觉领域技术的研究和商业自动化应用的人工智能公司，基于自主开发的深度学习平台，不断研发出领先的机器视觉技术，并为多个行业量身定制整套智能解决方案，驱动行业实现跨越式智能升级。“以人工智能简繁杂工作，积万千智慧创科技兴邦”。 易道博识在技术上追求精益求精，以科技的智慧，减少人类工作的繁杂。不断创新，让科技为生活赋予智能，开启智慧生活的未来。技术产品依托强大的研发实力、经验丰富的技术人才队伍和长期持续的科研投入，易道博识实现了自身科技成果的产业化应用，多项核心产品技术在业内遥遥领先，并积累了大量的自主知识产权成果，先后拥有发明专利，实用新型专利，计算机软件著作权数十项，并多次获得行业荣誉奖章。目前公司产品涵盖人脸识别、卡证识别、票据识别、表单识别、条码识别、手写识别等产品线。并已广泛应用在多个行业，包括银行、互联网金融、证券、保险、移动支付、安防、电信、互联网公司等。凭借领先的技术产品和完善的售后服务，易道博识赢得了客户良好的口碑和广泛的认可。核心团队易道博识拥有业内顶级专业技术团队，吸纳了来自中科院自动化所、清华大学、北京大学等多名顶尖的人工智能专家。创始人朱军民先生，行业顶尖的技术专家，从事人工智能模式识别技术十余载，主导研发的多项技术成果一直处于国际领先水平，并于2005年获得北京市科技进步一等奖，2006年获得国家科技进步二等奖。公司愿景以人工智能技术为多个行业提供更加完整、一体化的商业自动化系统，让更多业务流程逐渐走向自动化、智能化、多样化、安全化。,成立日期：2013-03-27,人工智能,硕士,2018-03-31,"['岗位描述：', '1.ocr、人脸图像分析算法的研发与验证', '2.算法相关设计文档的撰写', '任职要求：', '1、研究生及以上学历，每周到岗至少4天，实习期3个月以上', '2.精通C++/python/matlab语言，熟悉OpenCV,ITK等开源算法库优先', '3.熟悉图像分割，配准，追踪和深度学习、机器学习算法优先', '4.良好的中英文表达和书写能力']",https://www.shixiseng.com/intern/inn_i1wwsn14zgh0,深度学习/机器学习实习生,50-150人,4月前,算法,3个月,2017-10-30 14:08:02,120-150/天
,香港,,联想创投集团大数据实验室,,专注于机器智能,https://www.shixiseng.com/com/com_axmzosx0psem,"香港Cyperport,  深圳南山科技园联想研究院",https://sxsimg.xiaoyuanzhao.com/C8/E7/C8998E42F507402E5DD96290AA71EEE7.png,联想创投智能实验室,http://www.lenovo.com.cn/,[],3天/周,,,计算机/互联网,硕士,2018-07-31,"['我们组目前正在招长期实习，主要方向为数据分析、机器学习、数据图谱，深度学习领域。\xa0', '实习项目： 金融数据收集分析／机器学习平台', '需要技能： python，爬虫，机器学习基本算法技能\xa0', '理论上，为了工作效果和初期培训，实习办公地点在深圳／香港。', '实习时间3个月以上，每周至少3天，后期在完成指定任务的情况下可以实习。', '面试时会面试python语言和代码。 ']",https://www.shixiseng.com/intern/inn_u68sqnafrgd3,机器学习分析员,15-50人,4月前,软件,3个月,2017-10-26 14:43:06,150-200/天
