area,company,exp_title,link,salary,title,update_time
北京-海淀区,北京中公教育科技股份有限公司,不限/大学本科,/jobs_view_347127.html,8K-15K/月,教师招考研发编辑（英语）,2019/04/06
广东-广州,卓越教育集团,不限/不限,/jobs_view_91226.html,面议,成人英语教师,2019/04/03
广东-佛山-顺德区,树童教育集团,两年以上/大专以上,/jobs_view_417297.html,5K-10K/月,双休英语教师（佛山顺德容桂荟景中心）,2019/04/06
广东-深圳-宝安区,树童教育集团,不限/大学本科以上,/jobs_view_401466.html,6K-10K/月,英语教师(宝安华盛盛荟校区),2019/04/06
广东-东莞,树童教育集团,不限/大学本科,/jobs_view_386632.html,5K-8K/月,急聘小学英语教师（东莞厚街树童英语）,2019/04/06
广东-深圳-龙岗区,树童教育集团,一年以上/大专以上,/jobs_view_430319.html,6K-12K/月,英语教师(深圳龙岗）,2019/04/06
广东-深圳-龙岗区,树童教育集团,一年以上/大专以上,/jobs_view_410317.html,8K-10K/月,英语教师(深圳龙岗布吉）,2019/04/06
广东-深圳-宝安区,树童教育集团,不限/大学本科,/jobs_view_402238.html,6K-12K/月,少儿英语教师（宝安华盛盛荟校区）,2019/04/06
广东-广州-花都区,广州柠檬树外语教育咨询有限公司,不限/大专以上,/jobs_view_424737.html,6K-12K/月,小学初中高中英语教师,2019/04/05
上海,万行保到岗,不限/大学本科以上,/jobs_view_373337.html,6K-9K/月,3--12英语老师（上 海RS）,2019/04/04
上海,万行保到岗,不限/大学本科以上,/jobs_view_400014.html,8K-15K/月,上海3-12少儿英语老师（RS）,2019/04/04
上海,万行保到岗,不限/大学本科以上,/jobs_view_400012.html,8K-15K/月,上海少儿英语（RS）,2019/04/04
上海-闵行区,万行保到岗,不限/大学本科以上,/jobs_view_377875.html,6K-9K/月,少儿英语老师（上海RS）,2019/04/04
上海,万行保到岗,不限/大学本科以上,/jobs_view_400009.html,8K-15K/月,上海招聘少儿英语教师（RS）,2019/04/04
上海,万行保到岗,不限/大学本科以上,/jobs_view_400011.html,8K-15K/月,少儿英语教师（上海地区RS）,2019/04/04
上海,万行保到岗,不限/大学本科以上,/jobs_view_400015.html,8K-15K/月,上海地区招聘少儿英语老师（RS）,2019/04/04
上海,万行保到岗,不限/大学本科以上,/jobs_view_387979.html,6K-9K/月,少儿英语老师(RS),2019/04/04
广东-广州-天河区,广州爱英奇品牌运营管理有限公司,应届毕业生/大专以上,/jobs_view_411407.html,4K-6K/月,英语助教老师,2019/03/27
广东-东莞,东莞市为乐培训中心有限公司,两年以上/大学本科以上,/jobs_view_407857.html,6K-10K/月,少儿英语精英教师,2019/03/27
广东-惠州-惠城区,树童教育集团,不限/大专以上,/jobs_view_362603.html,5K-10K/月,英语教师（惠州麦地海博校区）,2019/04/06
广东-东莞,树童教育集团,一年以上/大专以上,/jobs_view_425608.html,8K-10K/月,急招东莞寮步英语老师,2019/04/06
广东,树童教育集团,一年以上/大学本科,/jobs_view_391801.html,9K-15K/月,英语教师（越秀五羊分校）,2019/04/06
广东-广州,卓越教育集团,不限/不限,/jobs_view_91226.html,面议,成人英语教师,2019/04/03
广东-广州,卓越教育集团,不限/不限,/jobs_view_117289.html,面议,公共英语考证班教师,2019/04/03
广东-佛山-禅城区,树童教育集团,不限/大专以上,/jobs_view_380955.html,4K-6K/月,少儿英语老师(同济校区),2019/04/06
广东-东莞,树童教育集团,一年以上/大专以上,/jobs_view_401920.html,8K-12K/月,英语老师（东莞胜和分校）,2019/04/06
广东-佛山-南海区,树童教育集团,两年以上/大专以上,/jobs_view_375880.html,5K-8K/月,树童英语佛山桂城分校高薪急聘英语老师,2019/04/06
广东-广州-番禺区,树童教育集团,一年以上/大专以上,/jobs_view_387877.html,9K-18K/月,急招幼儿、小学英语教师（喜盈分校）,2019/04/06
广东-广州-花都区,树童教育集团,两年以上/大专以上,/jobs_view_406082.html,6K-10K/月,急聘幼儿小学英语老师（花都校区),2019/04/06
广东-佛山-顺德区,树童教育集团,两年以上/大专以上,/jobs_view_405861.html,5K-10K/月,双休英语教师（佛山顺德容桂朝阳中心）,2019/04/06
广东-深圳-宝安区,树童教育集团,一年以上/大学本科,/jobs_view_392865.html,8K-15K/月,英语教师（深圳宝安西乡中心）,2019/04/06
广东-佛山-南海区,树童教育集团,两年以上/大专以上,/jobs_view_375881.html,5K-8K/月,少儿英语老师（南海桂城）,2019/04/06
广东-东莞,树童教育集团,不限/不限,/jobs_view_376510.html,5K-10K/月,初中英语老师,2019/04/06
广东-惠州-惠东县,树童教育集团,不限/大专以上,/jobs_view_387831.html,6K-10K/月,中小学英语教师（惠东树童）,2019/04/06
广东,树童教育集团,一年以上/大学本科,/jobs_view_391383.html,5K-10K/月,少儿英语教师（福州鼓楼中心）,2019/04/06
广东-广州-天河区,树童教育集团,一年以上/大学本科,/jobs_view_387849.html,9K-15K/月,急招聘英语教师（天河骏景分校）,2019/04/06
广东-珠海-香洲区,树童教育集团,一年以上/大学本科以上,/jobs_view_410306.html,6K-8K/月,幼、小、中英语教师 （珠海文园校区） ,2019/04/06
广东-东莞,树童教育集团,一年以上/大专以上,/jobs_view_384056.html,8K-10K/月,英语教师（南城西平文鼎分校）,2019/04/06
广东-广州,树童教育集团,两年以上/大专以上,/jobs_view_434025.html,5K-10K/月,英语老师（杭州森禾校区）,2019/04/06
广东-广州-越秀区,树童教育集团,一年以上/大学本科以上,/jobs_view_433224.html,8K-10K/月,少儿英语老师（公园前分校）,2019/04/06
广东-广州-海珠区,树童教育集团,不限/大专以上,/jobs_view_372538.html,10K-15K/月,少儿英语老师（海珠区沙园分校）,2019/04/06
广东-广州-番禺区,树童教育集团,两年以上/大专以上,/jobs_view_434046.html,5K-10K/月,英语老师（苏州姑苏金域平江中心）,2019/04/06
广东-广州-番禺区,树童教育集团,一年以上/大专以上,/jobs_view_389359.html,9K-18K/月,急招幼儿、小学英语教师（番禺钟村分校）,2019/04/06
广东-深圳-宝安区,树童教育集团,一年以上/大学本科以上,/jobs_view_395302.html,8K-12K/月,英语教师（深圳沙井中心）,2019/04/06
广东-广州,卓越教育集团,不限/不限,/jobs_view_117289.html,面议,公共英语考证班教师,2019/04/03
广东-广州,卓越教育集团,不限/不限,/jobs_view_117291.html,面议,全职英语教师,2019/04/03
广东-深圳-宝安区,树童教育集团,一年以上/大专以上,/jobs_view_401452.html,8K-12K/月,英语老师（深圳香缤校区）,2019/04/06
广东-广州-荔湾区,树童教育集团,两年以上/大专,/jobs_view_429385.html,5K-8K/月,急招英语老师 长沙窑岭中心,2019/04/06
广东-东莞,树童教育集团,一年以上/大专以上,/jobs_view_424696.html,8K-10K/月,急招英语老师双休五险一金（武汉南湖校区）,2019/04/06
广东-佛山-顺德区,树童教育集团,一年以上/大专以上,/jobs_view_414919.html,6K-10K/月,少儿英语老师（北滘分校）,2019/04/06
广东-中山,树童教育集团,不限/大专以上,/jobs_view_385281.html,6K-10K/月,急聘英语老师（中山石岐分校）双休,2019/04/06
广东-深圳,树童教育集团,不限/大学本科以上,/jobs_view_367142.html,8K-15K/月,诚聘英语教师（深圳坪山御景分校）,2019/04/06
广东-广州-番禺区,树童教育集团,一年以上/大专以上,/jobs_view_387287.html,10K-13K/月,青少儿英语老师（番禺广场分校）,2019/04/06
广东-深圳-南山区,树童教育集团,两年以上/大学本科,/jobs_view_405866.html,8K-10K/月,小学英语老师（南山区）,2019/04/06
广东-广州-黄埔区,树童教育集团,两年以上/大学本科,/jobs_view_366536.html,8K-12K/月,小学英语教师（萝岗校区） ,2019/04/06
广东-江门-蓬江区,树童教育集团,一年以上/大学本科以上,/jobs_view_382718.html,6K-8K/月,少儿英语老师（江门蓬江区、新会区）,2019/04/06
江苏-徐州,徐州乐蒂教育发展有限公司,不限/大学本科以上,/jobs_view_433443.html,4K-8K/月,英语班主任,2019/04/06
广东-湛江-吴川市,吴川市兜兜文化艺术培训部,一年以上/大专以上,/jobs_view_405758.html,4K-8K/月,少儿英语,2019/04/06
广东-湛江-吴川市,吴川市兜兜文化艺术培训部,一年以上/大专以上,/jobs_view_411443.html,4K-8K/月,急招少儿英语老师,2019/04/06
浙江-杭州,杭州伊诺教育管理咨询有限公司,不限/大学本科,/jobs_view_231732.html,3K-10K/月,初高中英语老师,2019/04/06
浙江-杭州-萧山区,萧山区知新业余学校,一年以上/大学本科,/jobs_view_420636.html,5K-8K/月,幼少儿英语教师,2019/04/06
广东-佛山-南海区,广东省佛山习思堂教育,不限/大专以上,/jobs_view_386970.html,8W-12W/年,高薪急聘 少儿英语教师（六险一金+包食宿）,2019/04/06
浙江-杭州-建德市,杭州建德市小新星英语培训学校,不限/大专,/jobs_view_381360.html,8K-10K/月,少儿英语教师,2019/04/06
浙江-杭州-建德市,杭州建德市小新星英语培训学校,不限/大专,/jobs_view_394940.html,8K-10K/月,幼儿英语老师,2019/04/06
湖北-咸宁,赤壁市小新星英语学校,不限/大学本科,/jobs_view_389349.html,4K-8K/月,校长助理,2019/04/06
广东-深圳,深圳疯狂的狮子文化传播有限公司,一年以上/大专以上,/jobs_view_433833.html,10K-15K/月,少儿英语老师,2019/04/06
广东-广州,卓越教育集团,不限/不限,/jobs_view_117291.html,面议,全职英语教师,2019/04/03
广东-广州,卓越教育集团,不限/大专,/jobs_view_121121.html,面议,全职英语教师（黄埔）,2019/04/03
广东-深圳,深圳疯狂的狮子文化传播有限公司,一年以上/大专以上,/jobs_view_433835.html,10K-15K/月,高薪聘请少儿英语老师,2019/04/06
广东-深圳,深圳疯狂的狮子文化传播有限公司,一年以上/大专以上,/jobs_view_433834.html,10K-15K/月,高薪聘请少儿英语教师,2019/04/06
广东-深圳,深圳疯狂的狮子文化传播有限公司,一年以上/大专以上,/jobs_view_433830.html,10K-15K/月,少儿英语教师,2019/04/06
广东-深圳,深圳疯狂的狮子文化传播有限公司,一年以上/大专以上,/jobs_view_433832.html,10K-15K/月,急聘少儿英语教师,2019/04/06
广东-广州-花都区,广州柠檬树外语教育咨询有限公司,不限/大专以上,/jobs_view_424738.html,6K-12K/月,初中英语教师,2019/04/05
安徽-合肥-包河区,优立中学教育,两年以上/不限,/jobs_view_422409.html,8K-16K/月,高中英语老师,2019/04/05
湖北-武汉-江汉区,浙江溢米教育科技有限公司武汉分公司,不限/大学本科以上,/jobs_view_386622.html,10K-15K/月,高中英语老师,2019/04/05
湖北-武汉-江汉区,浙江溢米教育科技有限公司武汉分公司,不限/大学本科以上,/jobs_view_386612.html,10K-15K/月,初中英语教师,2019/04/05
湖北-武汉-江汉区,浙江溢米教育科技有限公司武汉分公司,不限/大学本科以上,/jobs_view_386600.html,10K-15K/月,小学英语教师,2019/04/05
北京-石景山区,北京蜜语甜园教育科技有限公司,一年以上/大专,/jobs_view_429592.html,6K-10K/月,全职少儿英语老师,2019/04/05
北京-石景山区,北京蜜语甜园教育科技有限公司,一年以上/大专,/jobs_view_429584.html,6K-10K/月,少儿英语老师,2019/04/05
陕西-西安,陕西银河教育科技有限公司,不限/大学本科,/jobs_view_429445.html,5K-8K/月,少儿英语,2019/04/05
广东-深圳-宝安区,深圳卓英教育咨询有限公司,两年以上/大学本科以上,/jobs_view_427111.html,8K-15K/月,少儿英语,2019/04/05
北京-海淀区,北京中公教育科技股份有限公司,不限/大学本科以上,/jobs_view_347127.html,8K-15K/月,教师招考研发编辑（英语）,2019/04/05
浙江-金华-永康市,永康常春藤外语培训中心,不限/大学本科以上,/jobs_view_265733.html,4K-7K/月,少儿英语教师,2019/04/05
广东-广州,广州博仕堂教育科技有限公司,不限/大学本科以上,/jobs_view_227267.html,6K-10K/月,高中英语老师,2019/04/05
上海-宝山区,上海育童教育,不限/大专,/jobs_view_430493.html,6K-10K/月,幼儿英语老师,2019/04/05
广东-广州,黄冈中学广州学校,三年以上/不限,/jobs_view_205135.html,15K-20K/月,托福英语教师,2019/04/05
广东-深圳-福田区,深圳市播种文化传播有限公司,一年以上/大专,/jobs_view_418378.html,3K-4K/月,兼职英语老师,2019/04/05
广东-深圳-福田区,深圳市播种文化传播有限公司,一年以上/大专以上,/jobs_view_417394.html,6K-12K/月,少儿英语教师,2019/04/05
广东-广州,卓越教育集团,不限/大专,/jobs_view_121121.html,面议,全职英语教师（黄埔）,2019/04/03
广东-深圳-福田区,深圳市播种文化传播有限公司,不限/大专以上,/jobs_view_417369.html,3K-4.5K/月,英语培训中心助教,2019/04/05
广东-深圳-福田区,深圳市播种文化传播有限公司,一年以上/大专以上,/jobs_view_417368.html,6K-12K/月,少儿英语老师,2019/04/05
广东-深圳-福田区,深圳市播种文化传播有限公司,不限/高中以上,/jobs_view_417371.html,3K-6K/月,英语培训中心课程顾问,2019/04/05
广东-深圳-福田区,深圳市播种文化传播有限公司,不限/大专以上,/jobs_view_417462.html,3K-4.5K/月,少儿英语助教,2019/04/05
广东-深圳-福田区,深圳市播种文化传播有限公司,一年以上/大专,/jobs_view_418377.html,6K-12K/月,英语老师,2019/04/05
广东-广州,童乐教育,两年以上/不限,/jobs_view_415317.html,4K-6K/月,少儿英语,2019/04/05
河南-郑州-中原区,夏恩英语学校,不限/不限,/jobs_view_429077.html,4K-6K/月,助教老师,2019/04/04
广东-广州,广州市增城麦克文化中心,不限/不限,/jobs_view_414785.html,6K-12K/月,急招少儿英语老师,2019/04/04
广东-广州,广州市增城麦克文化中心,不限/不限,/jobs_view_414783.html,6K-12K/月,少儿英语老师,2019/04/04
广东-广州,广州市增城麦克文化中心,不限/不限,/jobs_view_414784.html,6K-12K/月,少儿英语教师,2019/04/04
浙江-杭州-拱墅区,杭州优朗教育咨询有限公司,两年以上/大学本科以上,/jobs_view_426536.html,6K-10K/月,英语老师（出国留学培训）,2019/04/04
广东-广州,广州睿馨教育服务有限公司,不限/大专以上,/jobs_view_176402.html,2K-3.5K/月,英语助理,2019/04/04
浙江-杭州-下城区,杭州佳嘉教育咨询有限公司（启明星阅读馆）,不限/大学本科以上,/jobs_view_416210.html,5K-10K/月,少儿英语教师,2019/04/04
浙江-杭州-下城区,杭州佳嘉教育咨询有限公司（启明星阅读馆）,不限/大学本科以上,/jobs_view_416229.html,5K-10K/月,英语老师,2019/04/04
浙江-杭州-下城区,杭州佳嘉教育咨询有限公司（启明星阅读馆）,不限/大学本科以上,/jobs_view_416230.html,5K-10K/月,少儿英语老师,2019/04/04
广东-深圳-福田区,深圳市玉诚教育科技有限公司,不限/硕士以上,/jobs_view_429956.html,10K-15K/月,英语教师（非全职）,2019/04/04
广东-深圳-福田区,深圳市玉诚教育科技有限公司,不限/硕士以上,/jobs_view_429953.html,10K-15K/月,英语教师（全职）,2019/04/04
浙江-杭州-滨江区,杭州诚谦教育科技有限公司,不限/大学本科以上,/jobs_view_429767.html,4K-6K/月,英语讲师,2019/04/04
上海-闵行区,上海诺美学校,一年以上/大学本科以上,/jobs_view_341098.html,9.6W-12.6W/年,ESL英语老师,2019/04/04
广东-惠州-惠城区,惠州市惠城区英哲教育,不限/大专以上,/jobs_view_355566.html,4K-6K/月,（包住）英语培训/英语教师,2019/04/04
湖北-武汉-洪山区,武汉二十一世纪教育投资有限公司,不限/大学本科,/jobs_view_426532.html,6K-8K/月,英语老师,2019/04/04
广东-惠州-惠城区,英皇时代教育,应届毕业生/大专以上,/jobs_view_417969.html,6K-12K/月,少儿英语老师,2019/04/04
浙江-杭州-余杭区,昂立国际教育五常分校,不限/不限,/jobs_view_352351.html,5K-10K/月,少儿英语教师,2019/04/04
浙江-杭州-余杭区,昂立国际教育五常分校,不限/大学本科以上,/jobs_view_352077.html,5K-10K/月,幼少儿英语教师/助教 English Teacher,2019/04/04
广东-惠州,惠州市惠城区爱英堡教育培训中心,一年以上/大学本科以上,/jobs_view_411588.html,3K-6K/月,英语助教老师,2019/04/04
广东-惠州,惠州市惠城区爱英堡教育培训中心,不限/大学本科以上,/jobs_view_298177.html,3K-5K/月,英语教师,2019/04/04
广东-惠州,惠州市惠城区爱英堡教育培训中心,一年以上/大学本科以上,/jobs_view_320636.html,3.5K-6K/月,青少儿英语教师,2019/04/04
上海-闵行区,上海丹森现代教育培训机构,不限/不限,/jobs_view_420635.html,8K-15K/月,少儿英语,2019/04/04
广东-东莞,上海交通大学昂立教育集团东莞分校,三年以上/大学本科以上,/jobs_view_397654.html,8W-15W/年,小学英语老师（东莞）,2019/04/04
广东-东莞,上海交通大学昂立教育集团东莞分校,不限/大专以上,/jobs_view_399181.html,4K-8K/月,小学英语老师（厚街）,2019/04/04
广东-东莞,上海交通大学昂立教育集团东莞分校,不限/大学本科以上,/jobs_view_398468.html,6K-10K/月,年薪10万优秀少儿英语老师（东莞市东城区）,2019/04/04
广东-东莞,上海交通大学昂立教育集团东莞分校,不限/大专以上,/jobs_view_399189.html,4K-8K/月,小学英语老师（民盈国贸中心校区）,2019/04/04
广东-东莞,上海交通大学昂立教育集团东莞分校,不限/大专以上,/jobs_view_389344.html,4K-8K/月,幼少儿英语老师（万江）,2019/04/04
广东-东莞,上海交通大学昂立教育集团东莞分校,不限/大专以上,/jobs_view_399182.html,4K-8K/月,少儿英语老师（塘厦）,2019/04/04
广东-东莞,上海交通大学昂立教育集团东莞分校,不限/大专以上,/jobs_view_397343.html,4K-8K/月,专业少儿英语教师(石龙）,2019/04/04
广东-东莞,上海交通大学昂立教育集团东莞分校,不限/大专以上,/jobs_view_397341.html,4K-8K/月,小学英语教师（东城）,2019/04/04
广东-东莞,上海交通大学昂立教育集团东莞分校,不限/大专以上,/jobs_view_399177.html,5K-10K/月,幼少儿英语老师（东莞市东城区）包食宿,2019/04/04
广东-东莞,上海交通大学昂立教育集团东莞分校,不限/大专以上,/jobs_view_397309.html,4K-8K/月,培训机构小学英语老师（厚街）,2019/04/04
广东-东莞,上海交通大学昂立教育集团东莞分校,不限/大专以上,/jobs_view_399178.html,4K-8K/月,小学英语老师（东莞石龙）包住宿,2019/04/04
广东-东莞,上海交通大学昂立教育集团东莞分校,不限/大专以上,/jobs_view_399186.html,5K-10K/月,小学英语老师（寮步镇）,2019/04/04
广东-东莞,上海交通大学昂立教育集团东莞分校,不限/大专以上,/jobs_view_399184.html,4K-8K/月,小学英语老师（万江）,2019/04/04
广东-东莞,上海交通大学昂立教育集团东莞分校,不限/大专以上,/jobs_view_397644.html,4K-8K/月,小学英语老师（塘厦）,2019/04/04
广东-东莞,上海交通大学昂立教育集团东莞分校,不限/大专以上,/jobs_view_399188.html,4K-8K/月,上海交大昂立外语招英语老师（下桥花园城）,2019/04/04
广东-东莞,上海交通大学昂立教育集团东莞分校,不限/大专以上,/jobs_view_399179.html,5K-10K/月,上海交大昂立教育 小学英语老师（东莞市东城区&寮步镇）,2019/04/04
广东-东莞,上海交通大学昂立教育集团东莞分校,不限/大专以上,/jobs_view_399191.html,8K-15K/月,少儿英语机构 执行校长,2019/04/04
广东-东莞,上海交通大学昂立教育集团东莞分校,不限/大专以上,/jobs_view_398470.html,5K-10K/月,上海交通大学昂立英语少儿英语老师 幼儿英语老师（包住宿）,2019/04/04
贵州-贵阳-云岩区,北京中公教育科技股份有限公司贵州分公司,不限/大学本科,/jobs_view_387014.html,4K-8K/月,英语培训讲师,2019/04/04
浙江-宁波-宁海县,宁海县利得斯外国语学校,不限/大专以上,/jobs_view_420036.html,6K-10K/月,成人英语老师,2019/04/04
重庆,高瞻教育集团-华威英文,不限/大专,/jobs_view_431397.html,5K-10K/月,英语老师+双休+主城10所校区就近分配,2019/04/04
浙江-杭州-余杭区,杭州四域文化创意有限公司,一年以上/大学本科以上,/jobs_view_427250.html,9K-18K/月,其它各类专业英语老师线上兼职老师,2019/04/04
浙江-杭州-余杭区,杭州四域文化创意有限公司,一年以上/大学本科以上,/jobs_view_427249.html,9K-18K/月,成人英语老师线上兼职老师,2019/04/04
浙江-杭州-余杭区,杭州四域文化创意有限公司,一年以上/大学本科以上,/jobs_view_427247.html,9K-18K/月,少儿英语老师线上兼职老师,2019/04/04
浙江-杭州-余杭区,杭州四域文化创意有限公司,一年以上/大学本科以上,/jobs_view_427246.html,9K-18K/月,新概念英语老师线上兼职老师,2019/04/04
浙江-杭州-余杭区,杭州四域文化创意有限公司,一年以上/大学本科以上,/jobs_view_427245.html,9K-18K/月,商务英语老师线上兼职老师,2019/04/04
浙江-杭州-余杭区,杭州四域文化创意有限公司,一年以上/大学本科以上,/jobs_view_427244.html,9K-18K/月,基础英语老师线上兼职老师,2019/04/04
广东-广州-南沙区,广州外国语学校,应届毕业生/大学本科以上,/jobs_view_375485.html,4K-8K/月,实习生3名（在读大四英语专业、英语教育专业）,2019/04/04
江苏-镇江-润州区,朗阁教育集团镇江中心,不限/大学本科,/jobs_view_413190.html,4K-8K/月,英语助教 基础英语老师,2019/04/04
江苏-镇江-润州区,朗阁教育集团镇江中心,不限/大学本科,/jobs_view_413663.html,4K-8K/月,英语助教,2019/04/04
江苏-镇江-润州区,朗阁教育集团镇江中心,不限/大学本科,/jobs_view_413664.html,4K-8K/月,基础英语老师,2019/04/04
北京-海淀区,北京新东方,不限/大学本科以上,/jobs_view_425012.html,8K-10K/月,英语听力教师,2019/04/04
北京-海淀区,北京新东方,不限/大学本科以上,/jobs_view_425013.html,8K-10K/月,英语口语教师,2019/04/04
北京-海淀区,北京新东方,不限/大学本科以上,/jobs_view_424993.html,8K-10K/月,英语学习VIP教师,2019/04/04
北京-海淀区,北京新东方,不限/大学本科以上,/jobs_view_425014.html,8K-10K/月,英语阅读教师,2019/04/04
北京-海淀区,北京新东方,不限/大学本科以上,/jobs_view_425008.html,8K-10K/月,考研英语教师,2019/04/04
北京-海淀区,北京新东方,不限/大学本科以上,/jobs_view_425015.html,8K-10K/月,英语写作教师,2019/04/04
北京-海淀区,北京新东方,不限/大学本科以上,/jobs_view_425016.html,8K-10K/月,英语词汇教师,2019/04/04
北京-海淀区,北京新东方,不限/大学本科以上,/jobs_view_425018.html,8K-10K/月,新概念英语教师,2019/04/04
北京-海淀区,北京新东方,不限/大学本科以上,/jobs_view_425019.html,8K-10K/月,商务英语教师,2019/04/04
广东-中山,中山市昂立国际教育,应届毕业生/大专,/jobs_view_410770.html,4.5K-8.5K/月,英语老师,2019/04/04
广东-中山,中山市昂立国际教育,应届毕业生/大专,/jobs_view_413386.html,4.5K-8.5K/月,少儿英语老师,2019/04/04
广东-中山,中山市昂立国际教育,应届毕业生/大专,/jobs_view_410764.html,4.5K-8.5K/月,英语教师,2019/04/04
湖北-武汉-硚口区,武汉市硚口区北斗星培训学校,不限/大学本科以上,/jobs_view_407906.html,3K-5K/月,新概念小学英语教师,2019/04/04
浙江-杭州-滨江区,万行保到岗,一年以上/大学本科以上,/jobs_view_368919.html,6K-10K/月,少儿英语教研老师(杭州滨江),2019/04/04
上海-浦东新区,万行保到岗,三年以上/大学本科以上,/jobs_view_428667.html,10K-15K/月,资深少儿英语老师（储备主管方向）,2019/04/04
浙江-杭州-西湖区,万行保到岗,不限/大学本科以上,/jobs_view_380611.html,8K-15K/月,少儿英语教研专员（杭州）,2019/04/04
浙江-杭州,万行保到岗,不限/大学本科以上,/jobs_view_380502.html,8K-15K/月,英语教研专员（少儿）（杭州）,2019/04/04
浙江-杭州-建德市,万行保到岗,不限/大学本科以上,/jobs_view_380608.html,8K-15K/月,教研专员（少儿英语）（杭州）,2019/04/04
浙江-杭州,万行保到岗,不限/大学本科,/jobs_view_401778.html,6K-10K/月,少儿英语老师,2019/04/04
天津-河东区,天杭迪斯凯瑞（天津）教育科技有限公司,不限/大学本科以上,/jobs_view_417296.html,4K-8K/月,少儿英语老师,2019/04/04
上海-闵行区,网伴组（上海）信息科技有限公司,两年以上/大学本科以上,/jobs_view_418707.html,7K-14K/月,小学英语老师,2019/04/04
上海,上海财智进修学院,不限/大专以上,/jobs_view_430133.html,3K-6K/月,英语助教,2019/04/04
上海,上海财智进修学院,一年以上/大学本科以上,/jobs_view_430118.html,8K-10K/月,新概念英语教师,2019/04/04
上海,上海财智进修学院,不限/大学本科以上,/jobs_view_430115.html,10K-15K/月,少儿英语教师,2019/04/04
上海,上海财智进修学院,一年以上/大学本科,/jobs_view_430128.html,8K-15K/月,少儿英语老师,2019/04/04
江苏-苏州-昆山市,昆山市彩虹英语,一年以上/大学本科以上,/jobs_view_330096.html,6K-10K/月,少儿英语教师,2019/04/04
广东-东莞,东莞市大朗晋达培训中心有限公司,不限/大专以上,/jobs_view_427001.html,5K-10K/月,英语老师,2019/04/04
浙江-台州,温岭市成智文化教育培训学校,不限/大学本科,/jobs_view_408292.html,5W-10W/年,小学英语教师,2019/04/04
辽宁-沈阳-铁西区,优加青少英语,不限/大学本科以上,/jobs_view_427607.html,4K-8K/月,少儿英语教师,2019/04/04
辽宁-沈阳-铁西区,优加青少英语,不限/大学本科以上,/jobs_view_427608.html,4K-8K/月,英语教师,2019/04/04
广东-广州-越秀区,广州沃迩德教育科技有限公司,不限/大学本科以上,/jobs_view_423278.html,4K-8K/月,英语教师,2019/04/04
广东-广州-越秀区,广州沃迩德教育科技有限公司,不限/大学本科以上,/jobs_view_425078.html,5K-8K/月,少儿英语教师,2019/04/04
广东-佛山-禅城区,卓越教育集团-优学事业部-佛山分校,不限/大学本科以上,/jobs_view_417457.html,10K-15K/月,英语学科主任,2019/04/04
江苏-苏州,苏州工业园区外国语学校,不限/大学本科以上,/jobs_view_426617.html,3.5K-4K/月,IB国际高中英语A教师,2019/04/04
广东-珠海-香洲区,新东方教育集团珠海学校,不限/大学本科以上,/jobs_view_370943.html,6K-8K/月,泡泡少儿英语教师,2019/04/04
北京,北京海纳优才教育科技有限责任公司（优才国际教育）,不限/大学本科,/jobs_view_408035.html,10K-15K/月,高薪招聘英语教师,2019/04/04
北京,北京海纳优才教育科技有限责任公司（优才国际教育）,不限/大专,/jobs_view_408036.html,10K-15K/月,高薪招聘新概念英语教师,2019/04/04
广东-深圳-罗湖区,广东魔奇文化教育传播有限公司,不限/大专以上,/jobs_view_421486.html,8K-15K/月,幼儿英语老师,2019/04/04
广东-深圳-罗湖区,广东魔奇文化教育传播有限公司,不限/大专以上,/jobs_view_421485.html,8K-15K/月,少儿英语老师,2019/04/04
广东-深圳-罗湖区,广东魔奇文化教育传播有限公司,不限/大专以上,/jobs_view_421315.html,8K-15K/月,少儿英语教师,2019/04/04
湖北-武汉-黄陂区,武汉市星启慧教育科技有限公司(能动时代教育),不限/大专,/jobs_view_420565.html,4K-7K/月,英语老师,2019/04/04
湖北-武汉-黄陂区,武汉市星启慧教育科技有限公司(能动时代教育),不限/大学本科,/jobs_view_420516.html,5K-8K/月,少儿英语教师,2019/04/04
湖北-武汉-黄陂区,武汉市星启慧教育科技有限公司(能动时代教育),不限/大学本科,/jobs_view_420566.html,5K-8K/月,全职英语老师,2019/04/04
湖北-武汉,武汉市江岸区澳邦教育花桥培训学校,一年以上/大学本科以上,/jobs_view_432681.html,8W-15W/年,资深英语老师,2019/04/04
湖北-武汉,武汉市江岸区澳邦教育花桥培训学校,一年以上/大学本科以上,/jobs_view_432678.html,5W-10W/年,英语老师,2019/04/04
广东-深圳-龙岗区,深圳市闪电英语培训有限公司,一年以上/大学本科以上,/jobs_view_431271.html,8K-16K/月,高薪诚聘英语教师,2019/04/04
广东-深圳-龙岗区,深圳市闪电英语培训有限公司,一年以上/大学本科以上,/jobs_view_431272.html,8K-16K/月,英语教师,2019/04/04
广东-深圳-龙岗区,深圳市闪电英语培训有限公司,一年以上/大学本科以上,/jobs_view_431269.html,8K-16K/月,高薪诚聘英语老师,2019/04/04
广东-深圳-龙岗区,深圳市闪电英语培训有限公司,一年以上/大学本科以上,/jobs_view_431268.html,8K-16K/月,英语老师,2019/04/04
四川-成都-武侯区,成都爱英语教育,两年以上/大学本科以上,/jobs_view_420461.html,6K-12K/月,雅思老师,2019/04/04
四川-成都-武侯区,成都爱英语教育,一年以上/大学本科以上,/jobs_view_420462.html,3.5K-6K/月,督导老师,2019/04/04
四川-成都-武侯区,成都爱英语教育,两年以上/大学本科以上,/jobs_view_420460.html,6K-12K/月,托福老师,2019/04/04
广东-惠州,惠州市惠城区格灵威教育培训中心,一年以上/大专,/jobs_view_408689.html,4K-8K/月,高薪诚聘英语教师,2019/04/04
广东-惠州,惠州市惠城区格灵威教育培训中心,一年以上/大专,/jobs_view_418617.html,4K-8K/月,诚聘初中英语教师,2019/04/04
广东-惠州-惠城区,惠州市惠城区格灵威教育培训中心,不限/大专,/jobs_view_408690.html,3K-4K/月,诚聘英语助教,2019/04/04
广东-惠州-惠城区,惠州市惠城区格灵威教育培训中心,不限/不限,/jobs_view_406430.html,3K-4K/月,英语助教,2019/04/04
广东-惠州-惠城区,惠州市惠城区格灵威教育培训中心,不限/不限,/jobs_view_406429.html,4K-8K/月,英语教师,2019/04/04
广东-广州,广州艾雯思教育信息咨询有限公司,不限/大学本科以上,/jobs_view_430389.html,5K-10K/月,高中英语老师,2019/04/04
广东-广州,广州艾雯思教育信息咨询有限公司,不限/大专以上,/jobs_view_430391.html,4.5K-8K/月,少儿英语老师,2019/04/04
广东-广州,广州艾雯思教育信息咨询有限公司,不限/大学本科以上,/jobs_view_284105.html,5K-10K/月,初中英语老师,2019/04/04
广东-深圳,深圳市李阳教育咨询有限公司,不限/大专以上,/jobs_view_432881.html,5K-8K/月,少儿英语教师,2019/04/04
广东-深圳,深圳市李阳教育咨询有限公司,不限/大专以上,/jobs_view_432882.html,5K-8K/月,新概念英语教师,2019/04/04
广东-深圳,深圳市李阳教育咨询有限公司,不限/大专以上,/jobs_view_432883.html,5K-8K/月,英语教师,2019/04/04
浙江-杭州,杭州萧山鼎府培训学校有限公司,不限/不限,/jobs_view_418763.html,5K-10K/月,少儿英语老师,2019/04/04
浙江-杭州,杭州萧山鼎府培训学校有限公司,不限/不限,/jobs_view_419104.html,5K-10K/月,少儿英语教师,2019/04/04
广东-深圳-南山区,深圳市南山区德亚培训中心（德州学房）,不限/大学本科,/jobs_view_413407.html,5K-10K/月,少儿英语助教,2019/04/04
广东-深圳-南山区,深圳市南山区德亚培训中心（德州学房）,不限/大学本科,/jobs_view_413406.html,5K-10K/月,少儿英语老师,2019/04/04
北京-丰台区,北京百思恩教育咨询有限公司,不限/大专,/jobs_view_412375.html,5K-10K/月,英语老师,2019/04/04
北京-丰台区,北京百思恩教育咨询有限公司,不限/不限,/jobs_view_412245.html,5K-10K/月,幼儿英语老师,2019/04/04
北京-丰台区,北京百思恩教育咨询有限公司,不限/大专,/jobs_view_429765.html,5K-10K/月,小学英语老师,2019/04/04
广东-深圳-宝安区,金翰教育咨询（深圳）有限公司（柏金瀚英語）,一年以上/大学本科以上,/jobs_view_417399.html,6K-12K/月,急招少儿英语老师,2019/04/04
广东-深圳-宝安区,金翰教育咨询（深圳）有限公司（柏金瀚英語）,一年以上/大学本科以上,/jobs_view_417402.html,6K-12K/月,少儿英语,2019/04/04
广东-深圳-宝安区,金翰教育咨询（深圳）有限公司（柏金瀚英語）,一年以上/大学本科以上,/jobs_view_417365.html,6K-12K/月,英语老师,2019/04/04
广东-深圳-宝安区,金翰教育咨询（深圳）有限公司（柏金瀚英語）,一年以上/大学本科以上,/jobs_view_417396.html,6K-12K/月,急招英语老师,2019/04/04
广东-深圳,深圳市华盛顿教育文化有限公司,一年以上/大专以上,/jobs_view_433737.html,7K-13K/月,英语教师,2019/04/04
广东-深圳,深圳市华盛顿教育文化有限公司,一年以上/大专以上,/jobs_view_433736.html,7K-13K/月,新概念英语教师,2019/04/04
广东-深圳,深圳市华盛顿教育文化有限公司,一年以上/大专以上,/jobs_view_433734.html,7K-13K/月,少儿英语教师,2019/04/04
浙江-杭州-西湖区,杭州马丁教育,不限/大学本科以上,/jobs_view_393329.html,4.5K-9K/月,初中英语老师 英语教师,2019/04/04
浙江-杭州-西湖区,杭州马丁教育,不限/大学本科以上,/jobs_view_394172.html,4.5K-9K/月,【诚聘】新概念初中英语老师,2019/04/04
浙江-杭州-上城区,英国宾斯特公学（杭州缤果教育咨询有限公司）,不限/大学本科以上,/jobs_view_413000.html,8K-15K/月,小学英语老师,2019/04/04
浙江-杭州-上城区,英国宾斯特公学（杭州缤果教育咨询有限公司）,不限/大学本科以上,/jobs_view_412454.html,8K-15K/月,少儿英语老师,2019/04/04
上海,上海捷晓文化传媒有限责任公司,三年以上/大学本科以上,/jobs_view_430672.html,6K-8K/月,少儿英语教师,2019/04/04
上海,上海捷晓文化传媒有限责任公司,三年以上/大专以上,/jobs_view_430675.html,6K-8K/月,新概念英语教师,2019/04/04
上海-浦东新区,上海墨年教育科技有限公司,不限/大学本科以上,/jobs_view_430059.html,8W-15W/年,少儿英语教师,2019/04/04
上海-金山区,上海蹊晶教育科技有限公司,不限/大学本科以上,/jobs_view_430062.html,8K-10K/月,英语助教,2019/04/04
上海-金山区,上海蹊晶教育科技有限公司,不限/大学本科以上,/jobs_view_430063.html,8K-10K/月,少儿英语教师,2019/04/04
上海,上海英闪教育科技有限公司,一年以上/大学本科以上,/jobs_view_430081.html,2.5K-3.5K/月,英语教师（实习）,2019/04/04
上海,上海英闪教育科技有限公司,一年以上/大学本科,/jobs_view_430076.html,8K-12K/月,少儿英语教师,2019/04/04
上海-浦东新区,上海鹤学文化传播有限公司,不限/大学本科以上,/jobs_view_430582.html,8K-10K/月,新概念英语教师,2019/04/04
北京,金源盖德文化交流（北京）有限公司,不限/大专以上,/jobs_view_430606.html,5K-6.5K/月,少儿英语助教,2019/04/04
北京,金源盖德文化交流（北京）有限公司,不限/大学本科以上,/jobs_view_430607.html,12K-22K/月,新概念英语教师,2019/04/04
北京,金源盖德文化交流（北京）有限公司,不限/大学本科以上,/jobs_view_430605.html,12K-22K/月,少儿英语教师,2019/04/04
北京-房山区,北京沃德启点教育咨询有限公司,一年以上/大专以上,/jobs_view_429809.html,6K-12K/月,英语助教,2019/04/04
北京-房山区,北京沃德启点教育咨询有限公司,一年以上/大专以上,/jobs_view_429807.html,10K-16K/月,少儿英语教师,2019/04/04
北京-房山区,北京沃德启点教育咨询有限公司,一年以上/大专以上,/jobs_view_429810.html,10K-16K/月,新概念英语教师,2019/04/04
北京-通州区,北京睿能教育咨询有限责任公司,一年以上/大学本科以上,/jobs_view_429039.html,6K-8K/月,少儿英语教师（储备）,2019/04/04
北京-通州区,北京睿能教育咨询有限责任公司,一年以上/大学本科以上,/jobs_view_429044.html,6K-8K/月,基础英语教师（储备）,2019/04/04
北京-通州区,北京睿能教育咨询有限责任公司,一年以上/大学本科以上,/jobs_view_429041.html,6K-8K/月,新概念英语教师（储备）,2019/04/04
北京-昌平区,北京丽兹蔻国际教育投资管理有限公司,两年以上/大学本科以上,/jobs_view_429167.html,6K-10K/月,少儿英语教师,2019/04/04
北京-昌平区,北京丽兹蔻国际教育投资管理有限公司,两年以上/大学本科以上,/jobs_view_429172.html,6K-10K/月,英语教师,2019/04/04
北京-昌平区,北京丽兹蔻国际教育投资管理有限公司,两年以上/大学本科以上,/jobs_view_429170.html,6K-10K/月,新概念英语教师,2019/04/04
广东-广州,广州市新洲际语言培训中心,一年以上/大学本科以上,/jobs_view_429230.html,10K-15K/月,剑桥英语老师,2019/04/04
北京-通州区,北京佰司特乐巽教育咨询有限公司,不限/不限以上,/jobs_view_429647.html,6K-9K/月,睿丁英语少儿英语教师,2019/04/04
广东-广州,广州市越秀区柏时企业管理咨询服务部,一年以上/大学本科以上,/jobs_view_428719.html,6K-8K/月,英语教师,2019/04/04
广东-广州,广州市越秀区柏时企业管理咨询服务部,不限/大学本科以上,/jobs_view_428578.html,8K-10K/月,新概念英语教师,2019/04/04
广东-广州,广州市越秀区柏时企业管理咨询服务部,不限/大专以上,/jobs_view_168195.html,2K-4K/月,英语助教,2019/04/04
广东-广州,广州市越秀区柏时企业管理咨询服务部,不限/大学本科以上,/jobs_view_428573.html,8K-10K/月,代课英语教师,2019/04/04
上海-嘉定区,上海莺燕文化传播有限公司,一年以上/大专以上,/jobs_view_428179.html,4.5K-6K/月,少儿英语教师,2019/04/04
上海-闵行区,上海都英文化传播有限公司,一年以上/大学本科以上,/jobs_view_428244.html,6K-12K/月,新概念英语教师,2019/04/04
广东-广州,广州帝诺教育咨询有限公司,两年以上/大学本科以上,/jobs_view_428327.html,8K-10K/月,英语教师（储备）,2019/04/04
广东-广州,广州市增城思贝睿教育咨询信息服务部,一年以上/大专以上,/jobs_view_428441.html,6K-8K/月,少儿英语教师,2019/04/04
广东-广州,广州市增城思贝睿教育咨询信息服务部,一年以上/大专以上,/jobs_view_428446.html,6K-8K/月,新概念英语教师,2019/04/04
广东-广州,广州市增城思贝睿教育咨询信息服务部,一年以上/大专以上,/jobs_view_428442.html,6K-8K/月,英语教师,2019/04/04
广东-广州,东莞市虎门名秀英语培训中心,不限/大学本科以上,/jobs_view_428833.html,6K-8K/月,托福教师,2019/04/04
广东-广州,东莞市虎门名秀英语培训中心,不限/大学本科以上,/jobs_view_428830.html,6K-8K/月,成人英语教师,2019/04/04
广东-广州,东莞市虎门名秀英语培训中心,不限/大学本科以上,/jobs_view_428831.html,6K-8K/月,商务英语教师,2019/04/04
广东-广州,东莞市虎门名秀英语培训中心,不限/大学本科以上,/jobs_view_428829.html,6K-8K/月,新概念英语教师,2019/04/04
广东-广州,东莞市虎门名秀英语培训中心,不限/大学本科以上,/jobs_view_428835.html,6K-8K/月,基础英语教师,2019/04/04
广东-广州,东莞市虎门名秀英语培训中心,不限/大学本科以上,/jobs_view_428832.html,6K-8K/月,雅思教师,2019/04/04
上海-静安区,上海誉仁教育科技有限公司,不限/大学本科以上,/jobs_view_427877.html,6K-10K/月,英语教师,2019/04/04
上海-虹口区,上海虹口区星源文化艺术专修学校,不限/大学本科以上,/jobs_view_427806.html,5K-10K/月,少儿英语教师（储备）,2019/04/04
北京-通州区,孙瑞雪教育机构,一年以上/大学本科以上,/jobs_view_429033.html,6K-8K/月,少儿英语教师（储备）,2019/04/04
北京-朝阳区,北京汉源承教育咨询有限公司,不限/不限,/jobs_view_228468.html,3.5K-8K/月,少儿英语教师,2019/04/04
上海-嘉定区,上海飞儿艺术培训学校,三年以上/大学本科以上,/jobs_view_427918.html,6K-8K/月,急聘新概念英语教师,2019/04/04
上海-嘉定区,上海飞儿艺术培训学校,三年以上/大学本科以上,/jobs_view_427919.html,6K-8K/月,急聘新概念英语教师（兼职）,2019/04/04
北京-海淀区,北京霍加教育科技有限公司,一年以上/大学本科以上,/jobs_view_426620.html,6K-8K/月,少儿英语教师,2019/04/04
北京-海淀区,新航道国际教育集团,两年以上/大学本科以上,/jobs_view_426038.html,10K-15K/月,英语听说读写教师,2019/04/04
陕西-西安,西安汇华语言文化传播有限公司,不限/大专以上,/jobs_view_426259.html,3K-6K/月,少儿英语教师,2019/04/04
陕西-西安-雁塔区,西安汇华语言文化传播有限公司,一年以上/大学本科以上,/jobs_view_426583.html,3K-6K/月,急招少儿英语老师,2019/04/04
广东-东莞,东莞贝特尔英语培训有限公司,不限/大学本科以上,/jobs_view_426468.html,8K-15K/月,英语老师,2019/04/04
广东-东莞,东莞贝特尔英语培训有限公司,不限/大专以上,/jobs_view_426469.html,8K-15K/月,英语辅导老师,2019/04/04
广东-东莞,东莞市全心全意文化传播有限公司,不限/大学本科,/jobs_view_424954.html,5K-8K/月,英语老师,2019/04/04
广东-广州-海珠区,广州博优教育信息咨询有限公司,不限/不限,/jobs_view_425104.html,3K-4.5K/月,四六级英语老师,2019/04/04
广东-广州-海珠区,广州博优教育信息咨询有限公司,不限/不限,/jobs_view_425102.html,3K-4.5K/月,英语老师,2019/04/04
上海,上海熠茁文化传播有限公司(E-JOY儿童英语),不限/大学本科,/jobs_view_408436.html,6K-8K/月,少儿英语老师,2019/04/04
福建-福州,小金星国际教育集团,不限/大专以上,/jobs_view_110243.html,1.8K-4K/月,幼儿英语老师,2019/04/04
江西-抚州-东乡县,江西东乡威尔教育,不限/大专以上,/jobs_view_365881.html,5W-10W/年,英语老师,2019/04/04
广东-东莞,昂立国际教育西平分校,不限/大专以上,/jobs_view_358269.html,4K-8K/月,少儿英语老师（包住）,2019/04/04
北京-通州区,北京炫烨弘博教育咨询有限公司（通州果园）(能动英语屋),一年以上/大学本科以上,/jobs_view_411547.html,8K-16K/月,少儿英语教师,2019/04/04
北京-通州区,北京炫烨弘博教育咨询有限公司（通州果园）(能动英语屋),一年以上/大学本科以上,/jobs_view_411555.html,8K-16K/月,女傅【EnglishTeacher】,2019/04/04
江苏-苏州-吴中区,苏州益智趣教育科技有限公司,不限/大专以上,/jobs_view_408729.html,3K-5K/月,英语老师,2019/04/04
广东-东莞,东莞市华毅教育文化科技有限公司,两年以上/大学本科,/jobs_view_413829.html,10W-20W/年,高薪诚聘少儿英语教学主管,2019/04/04
广东-东莞,东莞市华毅教育文化科技有限公司,一年以上/大学本科,/jobs_view_413830.html,4K-8K/月,急招少儿英语老师,2019/04/04
浙江-温州-鹿城区,温州市鹿城区美格文化培训有限公司,不限/大学本科,/jobs_view_424789.html,4K-8K/月,英语老师,2019/04/04
浙江-杭州-余杭区,杭州昆士敦教育咨询有限公司,不限/不限,/jobs_view_412060.html,4K-8K/月,高薪诚聘闲林英语助教老师,2019/04/04
广东-汕头-龙湖区,汕头市东方爱婴咨询有限公司,一年以上/大学本科以上,/jobs_view_421103.html,4K-8K/月,英语老师,2019/04/04
广东-汕头-龙湖区,汕头市东方爱婴咨询有限公司,一年以上/大学本科以上,/jobs_view_421988.html,4K-8K/月,少儿英语老师,2019/04/04
广东-深圳-宝安区,深圳市千秋胜文化发展有限公司,一年以上/大专以上,/jobs_view_411568.html,5K-10K/月,少儿英语老师,2019/04/04
广东-深圳,深圳市千秋胜文化发展有限公司,一年以上/大专以上,/jobs_view_411793.html,5K-10K/月,急聘少儿英语老师,2019/04/04
广东-深圳,深圳市千秋胜文化发展有限公司,一年以上/大学本科以上,/jobs_view_411790.html,6K-12K/月,急聘高中英语老师,2019/04/04
广东-深圳-宝安区,深圳市千秋胜文化发展有限公司,一年以上/大学本科以上,/jobs_view_411569.html,6K-12K/月,高中英语老师,2019/04/04
广东-深圳-南山区,深圳市关键词教育培训中心,一年以上/大学本科以上,/jobs_view_411025.html,6K-10K/月,英语老师（南山/宝安/福田/龙岗/龙华/罗湖）,2019/04/04
广东-深圳,深圳市关键词教育培训中心,一年以上/大学本科以上,/jobs_view_411177.html,6K-10K/月,急聘少儿英语老师（南山/宝安/福田/龙岗/龙华/罗湖）,2019/04/04
广东-深圳,深圳市关键词教育培训中心,一年以上/大学本科以上,/jobs_view_411180.html,6K-10K/月,高薪少儿英语老师（南山/宝安/福田/龙岗/龙华/罗湖）,2019/04/04
浙江-杭州-下城区,歌特文化传播（杭州）有限公司,不限/大学本科以上,/jobs_view_414823.html,4K-6K/月,英语助教老师,2019/04/04
浙江-杭州-下城区,歌特文化传播（杭州）有限公司,不限/大学本科以上,/jobs_view_413878.html,4K-6K/月,英语助教,2019/04/04
浙江-杭州-滨江区,杭州市余杭区新理想专修学校（新理想高复）,不限/大学本科以上,/jobs_view_428699.html,10W-15W/年,少儿英语老师,2019/04/04
广东-揭阳-普宁市,广东省普宁市流沙第一实验小学,不限/大专以上,/jobs_view_175433.html,6W-10W/年,小学英语教师,2019/04/04
广东-广州-从化区,从化小新星英语学校,不限/大专,/jobs_view_317151.html,3.8K-7K/月,少儿英语教师（急聘）,2019/04/03
北京-朝阳区,环球博雅少儿英语,一年以上/大专以上,/jobs_view_403296.html,8K-15K/月,英语老师,2019/04/03
北京-朝阳区,环球博雅少儿英语,一年以上/大专以上,/jobs_view_416003.html,8K-15K/月,少儿英语老师,2019/04/03
北京-朝阳区,环球博雅少儿英语,不限/大专以上,/jobs_view_403297.html,3K-6K/月,英语老师实习生,2019/04/03
北京-朝阳区,环球博雅少儿英语,一年以上/大专以上,/jobs_view_416001.html,8K-15K/月,幼儿英语老师,2019/04/03
江苏-苏州-昆山市,昆山赛朗外语培训中心,一年以上/大专以上,/jobs_view_391068.html,6K-12K/月,英语老师,2019/04/03
江苏-苏州-昆山市,昆山赛朗外语培训中心,一年以上/大专以上,/jobs_view_433602.html,6K-12K/月,幼儿英语教师,2019/04/03
江苏-苏州-昆山市,昆山赛朗外语培训中心,一年以上/大专以上,/jobs_view_433603.html,6K-12K/月,英语教师（6-18岁英语培训）,2019/04/03
浙江-杭州-西湖区,杭州智会学科技有限公司,一年以上/大专以上,/jobs_view_401892.html,5K-8K/月,幼儿/少儿英语老师,2019/04/03
浙江-温州,乐清市柳市小荧星艺校（永嘉县瓯北镇嘉欣才艺培训学校）,不限/大专以上,/jobs_view_126000.html,4K-8K/月,清华少儿英语助教（提供免费住宿）,2019/04/03
浙江-温州,乐清市柳市小荧星艺校（永嘉县瓯北镇嘉欣才艺培训学校）,不限/大专以上,/jobs_view_125999.html,4K-8K/月,清华少儿英语教师（提供免费住宿）,2019/04/03
贵州-贵阳-观山湖区,瑞思（贵阳）学科英语,不限/大学本科以上,/jobs_view_421828.html,5K-10K/月,少儿英语老师,2019/04/03
贵州-贵阳-观山湖区,瑞思（贵阳）学科英语,不限/大学本科以上,/jobs_view_421827.html,5K-10K/月,幼儿英语老师,2019/04/03
浙江-温州-瓯海区,温州森米教育,不限/大专以上,/jobs_view_427204.html,4K-8K/月,少儿英语老师,2019/04/03
河北-廊坊-三河市,燕郊红黄蓝北欧幼儿园（红杉教育）,不限/不限,/jobs_view_420614.html,8K-16K/月,英语老师,2019/04/03
贵州-黔西南布依族苗族自治州-兴义市,托马斯兴义梦乐城校区,不限/大学本科,/jobs_view_407383.html,3.5K-6K/月,幼儿英语教师,2019/04/03
浙江-杭州-余杭区,杭州市余杭区国泰教育培训中心,不限/大学本科,/jobs_view_412338.html,10K-14K/月,外教英语老师,2019/04/03
浙江-杭州-余杭区,杭州市余杭区国泰教育培训中心,一年以上/大学本科,/jobs_view_412035.html,4.5K-8K/月,中教幼儿英语老师,2019/04/03
浙江-杭州-余杭区,杭州市余杭区国泰教育培训中心,一年以上/大学本科,/jobs_view_413166.html,4.5K-8K/月,中教少儿英语老师,2019/04/03
江苏-苏州-太仓市,太仓昂立教育培训中心有限公司,一年以上/大学本科以上,/jobs_view_424708.html,4K-8K/月,昂立教育招聘少儿英语,2019/04/03
广东-广州,卓越教育集团,不限/不限,/jobs_view_117291.html,面议,全职英语教师,2019/04/03
广东-广州,卓越教育集团,一年以上/不限,/jobs_view_117289.html,面议,公共英语考证班教师,2019/04/03
广东-广州,卓越教育集团,一年以上/大专以上,/jobs_view_121121.html,面议,全职英语教师（黄埔）,2019/04/03
广东-广州,卓越教育集团,不限/不限,/jobs_view_91226.html,面议,成人英语教师,2019/04/03
广东-广州,广州市书戏教育咨询有限公司,不限/大专,/jobs_view_419621.html,3K-6K/月,原著英语老师,2019/04/03
浙江-温州-苍南县,阳光朵朵艺术培训学校,不限/大专以上,/jobs_view_389253.html,5K-8K/月,英语老师,2019/04/02
浙江-温州-苍南县,阳光朵朵艺术培训学校,不限/不限,/jobs_view_424051.html,3K-5K/月,少儿英语助教,2019/04/02
广东-深圳-南山区,深圳英阅教育咨询有限公司（睿丁英语）,不限/大学本科以上,/jobs_view_413339.html,6K-8K/月,高中英语老师,2019/04/02
广东-深圳-南山区,深圳英阅教育咨询有限公司（睿丁英语）,不限/大学本科以上,/jobs_view_413341.html,6K-8K/月,高薪高中英语老师,2019/04/02
广东-深圳-南山区,深圳英阅教育咨询有限公司（睿丁英语）,不限/大学本科以上,/jobs_view_413340.html,6K-8K/月,急聘初中英语老师,2019/04/02
广东-深圳-南山区,深圳英阅教育咨询有限公司（睿丁英语）,不限/大学本科以上,/jobs_view_409528.html,6K-8K/月,英语老师,2019/04/02
云南-昆明-西山区,云南予能教育信息咨询有限公司,不限/大专以上,/jobs_view_418993.html,4K-8K/月,少儿英语老师,2019/04/02
广东-深圳-福田区,深圳欧美新导航国际教育,不限/大学本科以上,/jobs_view_363003.html,8K-15K/月,中学英语教师,2019/04/02
广东-深圳-福田区,深圳欧美新导航国际教育,一年以上/大学本科以上,/jobs_view_398372.html,5K-10K/月,兼职初高中英语老师,2019/04/02
广东-深圳-福田区,深圳欧美新导航国际教育,不限/大学本科以上,/jobs_view_415230.html,3K-4K/月,寒假兼职英语助教,2019/04/02
广东-深圳-福田区,深圳欧美新导航国际教育,不限/大学本科以上,/jobs_view_429511.html,15W-30W/年,英语老师（文学）,2019/04/02
海南-海口-龙华区,海口斯诺威培训中心,一年以上/大专以上,/jobs_view_423188.html,4K-7K/月,少儿英语老师,2019/04/02
浙江-杭州,杭州科睿思道培训学校有限公司,不限/不限,/jobs_view_430317.html,5K-10K/月,少儿英语教师,2019/04/02
江苏-苏州-吴江区,同育教育科技有限公司,不限/大专以上,/jobs_view_408785.html,5K-10K/月,急聘少儿英语老师,2019/04/02
江苏-苏州-吴江区,同育教育科技有限公司,一年以上/大专以上,/jobs_view_408783.html,3K-6K/月,幼儿英语老师,2019/04/02
江苏-苏州-吴江区,同育教育科技有限公司,两年以上/大学本科以上,/jobs_view_406884.html,5K-10K/月,少儿英语老师,2019/04/02
江苏-苏州-吴江区,同育教育科技有限公司,一年以上/大专以上,/jobs_view_408784.html,5K-10K/月,英语老师,2019/04/02
湖南-岳阳,中岳教育集团（岳化一中校区）,不限/大学本科,/jobs_view_424895.html,3.5K-5K/月,基础英语,2019/04/01
浙江-杭州-西湖区,杭州塔夫教育,不限/硕士以上,/jobs_view_184205.html,8K-10K/月,大学英语教师,2019/04/01
浙江-杭州-西湖区,杭州塔夫教育,不限/大学本科以上,/jobs_view_337710.html,8K-15K/月,雅思/考研英语教师,2019/04/01
浙江-杭州-萧山区,杭州市萧山区昇华教育培训学校,三年以上/大学本科以上,/jobs_view_428342.html,6K-12K/月,幼儿英语老师,2019/04/01
浙江-杭州-萧山区,杭州市萧山区昇华教育培训学校,三年以上/大学本科以上,/jobs_view_428280.html,6K-12K/月,少儿英语老师,2019/04/01
湖南-常德,常德市琳达教育培训学校,不限/不限,/jobs_view_428723.html,3K-6K/月,英语教师,2019/04/01
湖南-常德,常德市琳达教育培训学校,不限/不限,/jobs_view_428760.html,3K-6K/月,小学英语老师,2019/04/01
湖南-常德,常德市琳达教育培训学校,不限/不限,/jobs_view_428762.html,3K-6K/月,幼儿英语老师,2019/04/01
湖南-常德,常德市琳达教育培训学校,不限/不限,/jobs_view_428759.html,3K-6K/月,少儿英语老师,2019/04/01
湖南-常德,常德市琳达教育培训学校,不限/不限,/jobs_view_428761.html,3K-6K/月,初级英语老师,2019/04/01
浙江-衢州,凯伦教育,一年以上/大学本科以上,/jobs_view_157917.html,5K-8K/月,少儿英语教师（急聘）,2019/04/01
浙江-衢州,凯伦教育,三年以上/大专以上,/jobs_view_176925.html,5K-10K/月,英语教学主管,2019/04/01
浙江-杭州-江干区,杭州孔怀培训学校有限公司,一年以上/大学本科以上,/jobs_view_413256.html,10K-15K/月,少儿英语教师-采荷,2019/03/31
海南-三亚-吉阳区,三亚百家争鸣文化教育发展有限公司,不限/大专以上,/jobs_view_378685.html,5K-10K/月,少儿英语助教,2019/03/30
海南-三亚-吉阳区,三亚百家争鸣文化教育发展有限公司,不限/大专以上,/jobs_view_387396.html,5K-10K/月,少儿英语主教,2019/03/30
湖南-长沙-宁乡县,湖南省宁乡市碧桂园学校,不限/大学本科以上,/jobs_view_411146.html,15W-22W/年,国际高中英语教师,2019/03/29
浙江-金华-永康市,永康启迪文化培训中心,不限/大专,/jobs_view_80767.html,2K-4K/月,小学英语教师,2019/03/28
四川-成都-武侯区,成都童萌时代教育科技有限责任公司,不限/大学本科以上,/jobs_view_424414.html,3K-6K/月,少儿英语老师,2019/03/28
广东-广州-越秀区,广州市明师教育服务股份有限公司,不限/大学本科,/jobs_view_402536.html,5K-8K/月,少儿英语口语老师/教师,2019/03/28
广东-广州-天河区,广州爱英奇品牌运营管理有限公司,一年以上/大学本科以上,/jobs_view_410763.html,4K-8K/月,英语老师,2019/03/27
北京,圃翎国际教育,不限/大专以上,/jobs_view_374482.html,4K-8K/月,小学英语老师,2019/03/26
上海-奉贤区,上海奉贤益师进修中心,不限/大学本科以上,/jobs_view_412734.html,4.5K-8K/月,英语老师,2019/03/26
浙江-杭州,杭州市余杭区蒲公英学校,不限/不限,/jobs_view_408930.html,4.5K-8K/月,少儿英语,2019/03/25
广东-广州,广州市番禺区天予教育培训中心,不限/中专,/jobs_view_418828.html,4K-8K/月,少儿英语,2019/03/19
广东-广州-花都区,广州市恩泽教育咨询服务有限公司,不限/大学本科以上,/jobs_view_407115.html,3K-5K/月,少儿英语,2019/03/19
广东-广州-花都区,广州市恩泽教育咨询服务有限公司,不限/大学本科以上,/jobs_view_411615.html,5K-8K/月,幼少儿英语教师,2019/03/19
浙江-台州-椒江区,浙江台州幼儿艺术教育集团,四年以上/大专,/jobs_view_203068.html,6K-12K/月,英语学校中心主任,2019/03/18
北京,北京思嘉莉教育科技有限公司,一年以上/大专,/jobs_view_417356.html,5K-8K/月,少儿英语老师,2019/03/12
浙江-金华-义乌市,欧文教育信息咨询有限公司,不限/大专,/jobs_view_412636.html,6K-7K/月,少儿英语老师,2019/03/05
浙江-金华,欧文教育信息咨询有限公司,一年以上/大学本科,/jobs_view_412548.html,6K-7K/月,英语老师,2019/03/05
浙江-嘉兴-海宁市,浙江省海宁市星海艺术培训学校,不限/大学本科以上,/jobs_view_333811.html,4K-8K/月,英语教师,2019/03/05
广东-广州-白云区,广州合一少儿艺术中心,两年以上/大学本科以上,/jobs_view_354564.html,3K-5K/月,兼职英语教师,2019/03/02
浙江-金华-婺城区,金华市新青年文化补习学校,不限/大专以上,/jobs_view_312400.html,4K-8K/月,少儿英语培训教师,2019/03/01
江苏-苏州-昆山市,昆山英利美伦英语培训中心有限公司,不限/大专以上,/jobs_view_407843.html,6K-10K/月,幼少儿英语老师,2019/02/20
四川-成都-青白江区,成都布谷鸟教育咨询有限公司（SK英国皇家少儿英语）,不限/大学本科以上,/jobs_view_419159.html,4K-8K/月,少儿英语教师,2019/02/20
四川-成都-青白江区,成都布谷鸟教育咨询有限公司（SK英国皇家少儿英语）,不限/不限,/jobs_view_419161.html,3K-4.5K/月,课程老师 +校区总监 +合伙人,2019/02/20
四川-成都-青白江区,成都布谷鸟教育咨询有限公司（SK英国皇家少儿英语）,不限/大学本科以上,/jobs_view_419158.html,2.5K-4K/月,幼少儿英语老师岗位,2019/02/20
江苏-苏州-昆山市,昆山美杰学科英语培训中心,不限/大专以上,/jobs_view_420088.html,5K-10K/月,少儿英语老师,2019/02/20
广东-广州-越秀区,广州新思维教育集团有限公司,一年以上/大专以上,/jobs_view_412473.html,8K-16K/月,中小学英语老师,2019/02/14
广东-广州-越秀区,广州新思维教育集团有限公司,一年以上/大专以上,/jobs_view_374315.html,8K-16K/月,英语老师(校区）,2019/02/14
广东-广州-越秀区,广州新思维教育集团有限公司,一年以上/大专以上,/jobs_view_411605.html,8K-16K/月,英语老师,2019/02/14
江苏-泰州-泰兴市,泰兴市星海艺术培训中心,一年以上/大学本科以上,/jobs_view_340305.html,4K-6K/月,英语 老师,2019/01/15
黑龙江-绥化-青冈县,青冈县剑桥英语学校,不限/中专,/jobs_view_39579.html,面议,教学主管．英语教学主任,2018/11/01
黑龙江-绥化-青冈县,青冈县剑桥英语学校,不限/中专以上,/jobs_view_94358.html,2K-3.5K/月,小学英语教师,2018/11/01
